{
  "format_version": "1.21.0",
  "minecraft:entity": {
    "description": {
      "identifier": "dirg_dt:centurion_action_x",
      "spawn_category": "monster",
      "is_spawnable": true,
      "is_summonable": true
    },
    "components": {
      "minecraft:persistent": {},
      "minecraft:behavior.ranged_attack": {
        "priority": 1,
        "attack_radius": 64,
        "charge_shoot_trigger": 2,
        "charge_charged_trigger": 1
      },
      "minecraft:shooter": {
        "def": "minecraft:fireball"
      },
      "minecraft:collision_box": {
        "width": 4,
        "height": 4.2
      },
      "minecraft:is_hidden_when_invisible": {},
      "minecraft:experience_reward": {
        "on_death": "query.last_hit_by_player ? 100 + (query.equipment_count * Math.Random(1,3)) : 0"
      },
      "minecraft:breathable": {
        "total_supply": 15,
        "suffocate_time": 0
      },
      "minecraft:nameable": {},
      "minecraft:health": {
        "value": 50,
        "max": 50
      },
      "minecraft:movement": {
        "value": 0.3
      },
      "minecraft:follow_range": {
        "value": 64,
        "max": 64
      },
      "minecraft:loot": {
        "table": "loot_tables/entities/centurion_action_x.json"
      },
      "minecraft:type_family": {
        "family": [
          "Centurion Action X",
          "tank"
        ]
      },
      "minecraft:damage_sensor": {
        "triggers": {
          "cause": "fall",
          "deals_damage": "no"
        }
      },
      "minecraft:jump.static": {},
      "minecraft:despawn": {
        "despawn_from_distance": {}
      },
      "minecraft:behavior.hurt_by_target": {
        "priority": 1
      },
      "minecraft:behavior.nearest_attackable_target": {
        "priority": 2,
        "entity_types": [
          {
            "filters": {
              "test": "is_family",
              "subject": "other",
              "value": "player"
            },
            "max_dist": 64
          }
        ],
        "must_see": true
      },
      "minecraft:physics": {},
      "minecraft:pushable": {
        "is_pushable": true,
        "is_pushable_by_piston": true
      },
      "minecraft:navigation.walk": {
        "is_amphibious": true,
        "avoid_water": true,
        "can_break_doors": true
      },
      "minecraft:movement.basic": {},
      "minecraft:behavior.random_stroll": {
        "priority": 6,
        "speed_multiplier": 1
      },
      "minecraft:behavior.look_at_player": {
        "priority": 8,
        "look_distance": 64
      },
      "minecraft:behavior.random_look_around": {
        "priority": 7
      },
      "minecraft:rideable": {
        "seat_count": 4,
        "family_types": [
          "player"
        ],
        "interact_text": "Enter",
        "seats": [
          {
            "min_rider_count": 0,
            "max_rider_count": 4,
            "position": [
              -0.55,
              2.8,
              0
            ],
            "third_person_camera_radius": 8,
            "camera_relax_distance_smoothing": 6
          },
          {
            "min_rider_count": 1,
            "max_rider_count": 4,
            "position": [
              -1.7,
              3.8,
              0
            ],
            "third_person_camera_radius": 8,
            "camera_relax_distance_smoothing": 6
          },
          {
            "min_rider_count": 2,
            "max_rider_count": 4,
            "position": [
              0,
              3.8,
              -1.7
            ],
            "third_person_camera_radius": 8,
            "camera_relax_distance_smoothing": 6
          },
          {
            "min_rider_count": 3,
            "max_rider_count": 4,
            "position": [
              1.7,
              3.8,
              0
            ],
            "third_person_camera_radius": 8,
            "camera_relax_distance_smoothing": 6
          }
        ]
      },
      "minecraft:input_ground_controlled": {},
      "minecraft:variable_max_auto_step": {
        "controlled_value": 1.5625
      },
      "minecraft:break_blocks": {
        "breakable_blocks": [
          "bamboo",
          "bamboo_sapling",
          "beetroot",
          "brown_mushroom",
          "carrots",
          "carved_pumpkin",
          "chorus_flower",
          "chorus_plant",
          "deadbush",
          "double_plant",
          "leaves",
          "leaves2",
          "lit_pumpkin",
          "melon_block",
          "melon_stem",
          "potatoes",
          "pumpkin",
          "pumpkin_stem",
          "red_flower",
          "red_mushroom",
          "crimson_fungus",
          "warped_fungus",
          "reeds",
          "sapling",
          "snow_layer",
          "sweet_berry_bush",
          "tallgrass",
          "turtle_egg",
          "vine",
          "waterlily",
          "wheat",
          "dandelion",
          "azalea",
          "flowering_azalea",
          "azalea_leaves",
          "azalea_leaves_flowered",
          "cave_vines",
          "cave_vines_body_with_berries",
          "cave_vines_head_with_berries",
          "small_dripleaf_block",
          "big_dripleaf",
          "spore_blossom",
          "hanging_roots",
          "mangrove_leaves",
          "pale_hanging_moss",
          "cherry_leaves",
          "pale_oak_leaves",
          "firefly_bush",
          "bush"
        ]
      },
      "minecraft:annotation.break_door": {
        "break_time": 1,
        "min_difficulty": "peaceful"
      },
      "minecraft:fire_immune": {},
      "minecraft:knockback_resistance": {
        "value": 1
      },
      "minecraft:behavior.break_door": {},
      "minecraft:conditional_bandwidth_optimization": {}
    }
  }
}