{
  "pools": [
    {
      "rolls": 1,
      "entries": [
        {
          "type": "item",
          "name": "iron_ingot",
          "weight": 2,
          "functions": [
            {
              "function": "set_count",
              "count": {
                "min": 1,
                "max": 30
              }
            }
          ]
        }
      ]
    },
    {
      "pool": 1,
      "entries": [
        {
          "id": "newfield",
          "dataType": 2,
          "name": "redstone",
          "type": "item"
        }
      ],
      "rolls": 1
    }
  ]
}