{
  "format_version": "1.17.30",
  "animation_controllers": {
    "controller.animation.tiger_1.move": {
      "states": {
        "default": {
          "animations": [
            "animation.tiger_1.move"
          ]
        }
      }
    },
    "controller.animation.tiger_1.look_at_target": {
      "states": {
        "default": {
          "animations": [
            "animation.tiger_1.look_at_target"
          ]
        }
      }
    },
    "controller.animation.tiger_1.shoot": {
      "states": {
        "default": {
          "animations": [
            "animation.tiger_1.shoot"
          ]
        }
      }
    }
  }
}