{
  "format_version": "1.21.0",
  "minecraft:item": {
    "description": {
      "identifier": "dirg_dt:ammo",
      "menu_category": {
        "category": "items"
      }
    },
    "components": {
      "minecraft:max_stack_size": 64,
      "minecraft:icon": "ammo",
      "minecraft:display_name": {
        "value": "ammo"
      },
      "minecraft:projectile": {
        "projectile_entity": "fireball"
      },
      "minecraft:tags": {
        "tags": [
          "transformable_items"
        ]
      }
    }
  }
}