{
	"format_version": "1.10.0",
	"animations": {
		"animation.doodle_tank.move": {
			"loop": true,
			"animation_length": 1.25,
			"bones": {
				"right_passive_gear_1": {
					"rotation": ["query.modified_distance_moved * 20", 0, 0]
				},
				"right_passive_gear_3": {
					"rotation": ["query.modified_distance_moved * 20", 0, 0]
				},
				"right_passive_gear_4": {
					"rotation": ["query.modified_distance_moved * 20", 0, 0]
				},
				"right_gear_front": {
					"rotation": ["query.modified_distance_moved * 20", 0, 0]
				},
				"right_gear_back": {
					"rotation": ["query.modified_distance_moved * 20", 0, 0]
				},
				"left_passive_gear_1": {
					"rotation": ["query.modified_distance_moved * 20", 0, 0]
				},
				"left_passive_gear_3": {
					"rotation": ["query.modified_distance_moved * 20", 0, 0]
				},
				"left_passive_gear_4": {
					"rotation": ["query.modified_distance_moved * 20", 0, 0]
				},
				"left_gear_front": {
					"rotation": ["query.modified_distance_moved * 20", 0, 0]
				},
				"left_gear_back": {
					"rotation": ["query.modified_distance_moved * 20", 0, 0]
				},
				"body": {
					"position": {
						"0.0": [0, 0, 0],
						"0.1667": [0, 0.5, 0],
						"0.5": [0, 0, 0],
						"0.6667": [0, 0.5, 0],
						"0.8333": [0, 0, 0],
						"1.0833": [0, 0.5, 0],
						"1.25": [0, 0, 0]
					}
				},
				"left_passive_gear_2": {
					"rotation": ["query.modified_distance_moved * 20", 0, 0]
				},
				"right_passive_gear_2": {
					"rotation": ["query.modified_distance_moved * 20", 0, 0]
				}
			},
			"sound_effects": {
				"1.25": {
					"effect": "doodle_tank.move"
				}
			}
		},
		"animation.doodle_tank.turret_rotation": {
			"animation_length": 11,
			"bones": {
				"turret": {
					"rotation": {
						"0.0": [0, 0, 0],
						"11.0": [0, 360, 0]
					}
				}
			}
		},
		"animation.doodle_tank.gun_turn_down": {
			"animation_length": 0.5417,
			"bones": {
				"barrel": {
					"rotation": {
						"0.0": [0, 0, 0],
						"0.5": [-5, 0, 0]
					}
				}
			}
		},
		"animation.doodle_tank.gun_turn_up": {
			"animation_length": 0.75,
			"bones": {
				"barrel": {
					"rotation": {
						"0.0": [0, 0, 0],
						"0.75": [15, 0, 0]
					}
				}
			}
		},
		"animation.doodle_tank.gun_fire": {
			"loop": true,
			"animation_length": 2.625,
			"loop_delay": 5.3,
			"bones": {
				"suspension_barrel": {
					"position": {
						"0.0": {
							"post": [0, 0, 0],
							"lerp_mode": "catmullrom"
						},
						"0.0833": {
							"post": [0, 0, -7],
							"lerp_mode": "catmullrom"
						},
						"1.0": {
							"post": [0, 0, 0],
							"lerp_mode": "catmullrom"
						}
					}
				}
			},
			"sound_effects": {
				"0.0": {
					"effect": "doodle_tank.gun_fire",
					"locator": "locator"
				}
			},
			"particle_effects": {
				"0.0": {
					"effect": "nozzle_barrel_blast",
					"locator": "locator"
				}
			}
		}
	}
}