{
	"format_version": "1.19.0",
	"minecraft:geometry": [
		{
			"description": {
				"identifier": "geometry.ammo_3d",
				"texture_width": 16,
				"texture_height": 16,
				"visible_bounds_width": 3,
				"visible_bounds_height": 2.5,
				"visible_bounds_offset": [0, 0.75, 0]
			},
			"bones": [
				{
					"name": "root_item",
					"pivot": [0, 0, 0],
					"binding": "q.item_slot_to_bone_name(c.item_slot)",
					"cubes": [
						{
							"origin": [-0.5, 0, -1.5],
							"size": [2, 1, 2],
							"uv": {
								"north": {"uv": [6, 2], "uv_size": [2, 1]},
								"east": {"uv": [6, 3], "uv_size": [2, 1]},
								"south": {"uv": [4, 6], "uv_size": [2, 1]},
								"west": {"uv": [6, 4], "uv_size": [2, 1]},
								"up": {"uv": [0, 0], "uv_size": [2, 2]},
								"down": {"uv": [0, 4], "uv_size": [2, -2]}
							}
						},
						{
							"origin": [-0.25, 1, -1.25],
							"size": [1.5, 1.75, 1.5],
							"uv": {
								"north": {"uv": [0, 4], "uv_size": [1.5, 1.75]},
								"east": {"uv": [4, 0], "uv_size": [1.5, 1.75]},
								"south": {"uv": [2, 4], "uv_size": [1.5, 1.75]},
								"west": {"uv": [4, 2], "uv_size": [1.5, 1.75]},
								"up": {"uv": [4, 4], "uv_size": [1.5, 1.5]},
								"down": {"uv": [0, 7.5], "uv_size": [1.5, -1.5]}
							}
						},
						{
							"origin": [-0.5, 2.75, -1.5],
							"size": [2, 0.75, 2],
							"uv": {
								"north": {"uv": [6, 5], "uv_size": [2, 0.75]},
								"east": {"uv": [6, 6], "uv_size": [2, 0.75]},
								"south": {"uv": [4, 7], "uv_size": [2, 0.75]},
								"west": {"uv": [6, 7], "uv_size": [2, 0.75]},
								"up": {"uv": [2, 0], "uv_size": [2, 2]},
								"down": {"uv": [2, 4], "uv_size": [2, -2]}
							}
						},
						{
							"origin": [-0.25, 3.5, -1.25],
							"size": [1.5, 0.5, 1.5],
							"uv": {
								"north": {"uv": [3, 8], "uv_size": [1.5, 0.5]},
								"east": {"uv": [8, 3], "uv_size": [1.5, 0.5]},
								"south": {"uv": [8, 4], "uv_size": [1.5, 0.5]},
								"west": {"uv": [5, 8], "uv_size": [1.5, 0.5]},
								"up": {"uv": [6, 0], "uv_size": [1.5, 1.5]},
								"down": {"uv": [2, 7.5], "uv_size": [1.5, -1.5]}
							}
						},
						{
							"origin": [0, 4, -1],
							"size": [1, 1, 1],
							"uv": {
								"north": {"uv": [0, 8], "uv_size": [1, 1]},
								"east": {"uv": [8, 0], "uv_size": [1, 1]},
								"south": {"uv": [1, 8], "uv_size": [1, 1]},
								"west": {"uv": [8, 1], "uv_size": [1, 1]},
								"up": {"uv": [2, 8], "uv_size": [1, 1]},
								"down": {"uv": [8, 3], "uv_size": [1, -1]}
							}
						},
						{
							"origin": [0.25, 5, -0.75],
							"size": [0.5, 1, 0.5],
							"uv": {
								"north": {"uv": [8, 5], "uv_size": [0.5, 1]},
								"east": {"uv": [8, 6], "uv_size": [0.5, 1]},
								"south": {"uv": [7, 8], "uv_size": [0.5, 1]},
								"west": {"uv": [8, 7], "uv_size": [0.5, 1]},
								"up": {"uv": [8, 8], "uv_size": [0.5, 0.5]},
								"down": {"uv": [0, 9.5], "uv_size": [0.5, -0.5]}
							}
						}
					]
				}
			]
		}
	]
}