{
	"format_version": "1.21.0",
	"minecraft:geometry": [
		{
			"description": {
				"identifier": "geometry.doodle_tank",
				"texture_width": 1024,
				"texture_height": 1024,
				"visible_bounds_width": 31,
				"visible_bounds_height": 14,
				"visible_bounds_offset": [0, 2, 0]
			},
			"bones": [
				{
					"name": "body",
					"pivot": [0, 1, -0.07608]
				},
				{
					"name": "hull",
					"parent": "body",
					"pivot": [-0.0748, 23.76993, 32.93795],
					"cubes": [
						{
							"origin": [-17.3536, 11.09359, -35.37041],
							"size": [34.5576, 14.2296, 16.4142],
							"pivot": [-0.0748, 18.20839, -27.05331],
							"rotation": [25, 0, 0],
							"uv": {
								"north": {"uv": [592, 532], "uv_size": [39, 16]},
								"east": {"uv": [574, 532], "uv_size": [18, 16]},
								"south": {"uv": [535, 532], "uv_size": [39, 16]},
								"west": {"uv": [517, 532], "uv_size": [18, 16]},
								"up": {"uv": [574, 532], "uv_size": [-39, -18]},
								"down": {"uv": [613, 514], "uv_size": [-39, 18]}
							}
						},
						{
							"origin": [-17.27892, 8.26599, 70.22658],
							"size": [34.55784, 28.37584, 3.96024],
							"inflate": -0.001,
							"pivot": [0, 22.45391, 72.2067],
							"rotation": [-15, 0, 0],
							"uv": {
								"north": {"uv": [47, 529], "uv_size": [39, 32]},
								"east": {"uv": [43, 529], "uv_size": [4, 32]},
								"south": {"uv": [4, 529], "uv_size": [39, 32]},
								"west": {"uv": [0, 529], "uv_size": [4, 32]},
								"up": {"uv": [43, 529], "uv_size": [-39, -4]},
								"down": {"uv": [82, 525], "uv_size": [-39, 4]}
							}
						},
						{
							"origin": [-33.38284, 22.72489, 72.56209],
							"size": [66.83609, 13.84689, 3.936],
							"inflate": 0.1,
							"pivot": [-0.2948, 30.52835, 74.53009],
							"rotation": [-15, 0, 0],
							"uv": {
								"north": {"uv": [315, 507], "uv_size": [76, 13]},
								"east": {"uv": [311, 507], "uv_size": [4, 13]},
								"south": {"uv": [235, 507], "uv_size": [76, 13]},
								"west": {"uv": [231, 507], "uv_size": [4, 13]},
								"up": {"uv": [311, 507], "uv_size": [-76, -4]},
								"down": {"uv": [387, 503], "uv_size": [-76, 4]}
							}
						},
						{
							"origin": [-17.35595, 8.30149, -31.68819],
							"size": [34.56231, 14.74251, 102.10231],
							"inflate": -0.01,
							"uv": {
								"north": {"uv": [271, 116], "uv_size": [39, 16]},
								"east": {"uv": [155, 116], "uv_size": [116, 16]},
								"south": {"uv": [116, 116], "uv_size": [39, 16]},
								"west": {"uv": [0, 116], "uv_size": [116, 16]},
								"up": {"uv": [155, 116], "uv_size": [-39, -116]},
								"down": {"uv": [194, 0], "uv_size": [-39, 116]}
							}
						},
						{
							"origin": [-16.61596, 22.25434, -22.66819],
							"size": [33.30231, 14.74251, 96.82231],
							"inflate": -0.01,
							"uv": {
								"north": {"uv": [259, 243], "uv_size": [39, 16]},
								"east": {"uv": [149, 243], "uv_size": [110, 16]},
								"south": {"uv": [110, 243], "uv_size": [39, 16]},
								"west": {"uv": [0, 243], "uv_size": [110, 16]},
								"up": {"uv": [149, 243], "uv_size": [-39, -110]},
								"down": {"uv": [188, 133], "uv_size": [-39, 110]}
							}
						}
					]
				},
				{
					"name": "components",
					"parent": "body",
					"pivot": [0.33037, 32.61772, 79.11395],
					"cubes": [
						{
							"origin": [2.5828, 15.78423, 75.53941],
							"size": [9.0112, 21.0716, 8.2676],
							"pivot": [4.8884, 26.32003, 80.1132],
							"rotation": [-15, 0, 0],
							"uv": {
								"north": {"uv": [581, 193], "uv_size": [9, 21]},
								"east": {"uv": [571, 193], "uv_size": [10, 21]},
								"south": {"uv": [562, 193], "uv_size": [9, 21]},
								"west": {"uv": [552, 193], "uv_size": [10, 21]},
								"up": {"uv": [571, 193], "uv_size": [-9, -10]},
								"down": {"uv": [580, 183], "uv_size": [-9, 10]}
							}
						},
						{
							"origin": [-11.594, 15.78423, 75.53941],
							"size": [9.0112, 21.0716, 8.2676],
							"pivot": [-7.5284, 26.32003, 80.1132],
							"rotation": [-15, 0, 0],
							"uv": {
								"north": {"uv": [345, 568], "uv_size": [9, 21]},
								"east": {"uv": [335, 568], "uv_size": [10, 21]},
								"south": {"uv": [326, 568], "uv_size": [9, 21]},
								"west": {"uv": [316, 568], "uv_size": [10, 21]},
								"up": {"uv": [335, 568], "uv_size": [-9, -10]},
								"down": {"uv": [344, 558], "uv_size": [-9, 10]}
							}
						},
						{
							"origin": [-9.6437, 24.51798, 80.02436],
							"size": [4.9456, 13.5102, 4.202],
							"pivot": [-7.6109, 35.23308, 82.56536],
							"rotation": [-15, 0, 0],
							"uv": {
								"north": {"uv": [517, 591], "uv_size": [4, 6]},
								"east": {"uv": [512, 591], "uv_size": [5, 6]},
								"south": {"uv": [508, 591], "uv_size": [4, 6]},
								"west": {"uv": [503, 591], "uv_size": [5, 6]},
								"up": {"uv": [512, 591], "uv_size": [-4, -5]},
								"down": {"uv": [516, 586], "uv_size": [-4, 5]}
							}
						},
						{
							"origin": [4.6981, 24.51798, 80.02436],
							"size": [4.9456, 13.5102, 4.202],
							"pivot": [4.9709, 35.23308, 82.56536],
							"rotation": [-15, 0, 0],
							"uv": {
								"north": {"uv": [536, 591], "uv_size": [4, 6]},
								"east": {"uv": [531, 591], "uv_size": [5, 6]},
								"south": {"uv": [527, 591], "uv_size": [4, 6]},
								"west": {"uv": [522, 591], "uv_size": [5, 6]},
								"up": {"uv": [531, 591], "uv_size": [-4, -5]},
								"down": {"uv": [535, 586], "uv_size": [-4, 5]}
							}
						}
					]
				},
				{
					"name": "antenne",
					"parent": "components",
					"pivot": [-30.118, 48.91116, 41.95697],
					"cubes": [
						{
							"origin": [-30.228, 37.08116, 41.84697],
							"size": [0.22, 44.88, 0.22],
							"uv": {
								"north": {"uv": [276, 589], "uv_size": [1, 51]},
								"east": {"uv": [278, 589], "uv_size": [1, 51]},
								"south": {"uv": [272, 589], "uv_size": [1, 51]},
								"west": {"uv": [274, 589], "uv_size": [1, 51]},
								"up": {"uv": [473, 256], "uv_size": [-1, -1]},
								"down": {"uv": [475, 255], "uv_size": [-1, 1]}
							}
						},
						{
							"origin": [-30.558, 36.86116, 41.51697],
							"size": [0.88, 0.88, 0.88],
							"uv": {
								"north": {"uv": [440, 258], "uv_size": [1, 1]},
								"east": {"uv": [439, 258], "uv_size": [1, 1]},
								"south": {"uv": [438, 258], "uv_size": [1, 1]},
								"west": {"uv": [437, 258], "uv_size": [1, 1]},
								"up": {"uv": [439, 258], "uv_size": [-1, -1]},
								"down": {"uv": [440, 257], "uv_size": [-1, 1]}
							}
						}
					]
				},
				{
					"name": "spaced_armor",
					"parent": "body",
					"pivot": [-1.49193, 26.49242, 5.35835],
					"cubes": [
						{
							"origin": [17.204, 24.5878, -38.51199],
							"size": [20.6624, 0.5082, 17.0588],
							"pivot": [27.5352, 24.8419, -29.32259],
							"rotation": [25, 0, 0],
							"uv": {
								"north": {"uv": [448, 253], "uv_size": [23, 1]},
								"east": {"uv": [495, 542], "uv_size": [18, 1]},
								"south": {"uv": [442, 257], "uv_size": [23, 1]},
								"west": {"uv": [425, 512], "uv_size": [18, 1]},
								"up": {"uv": [440, 612], "uv_size": [-23, -18]},
								"down": {"uv": [464, 594], "uv_size": [-23, 18]}
							}
						},
						{
							"origin": [-33.616, 31.10417, -28.13715],
							"size": [67.0824, 1.3882, 10.384],
							"pivot": [-0.0748, 32.23827, -23.05515],
							"rotation": [85, 0, 0],
							"uv": {
								"north": {"uv": [599, 216], "uv_size": [76, 1]},
								"east": {"uv": [468, 511], "uv_size": [12, 1]},
								"south": {"uv": [599, 214], "uv_size": [76, 1]},
								"west": {"uv": [468, 509], "uv_size": [12, 1]},
								"up": {"uv": [271, 601], "uv_size": [-76, -12]},
								"down": {"uv": [667, 183], "uv_size": [-76, 12]}
							}
						},
						{
							"origin": [-38.016, 24.28529, -38.43945],
							"size": [20.6624, 0.5082, 16.247],
							"pivot": [-27.6848, 24.53939, -30.09595],
							"rotation": [25, 0, 0],
							"uv": {
								"north": {"uv": [444, 503], "uv_size": [23, 1]},
								"east": {"uv": [495, 546], "uv_size": [18, 1]},
								"south": {"uv": [448, 255], "uv_size": [23, 1]},
								"west": {"uv": [495, 544], "uv_size": [18, 1]},
								"up": {"uv": [608, 614], "uv_size": [-23, -18]},
								"down": {"uv": [23, 597], "uv_size": [-23, 18]}
							}
						},
						{
							"origin": [17.2788, 18.78474, 72.07467],
							"size": [20.6624, 0.5082, 12.1968],
							"pivot": [27.61, 19.03884, 78.17307],
							"rotation": [-47.5, 0, 0],
							"uv": {
								"north": {"uv": [444, 507], "uv_size": [23, 1]},
								"east": {"uv": [468, 503], "uv_size": [14, 1]},
								"south": {"uv": [444, 505], "uv_size": [23, 1]},
								"west": {"uv": [466, 257], "uv_size": [14, 1]},
								"up": {"uv": [564, 611], "uv_size": [-23, -14]},
								"down": {"uv": [488, 598], "uv_size": [-23, 14]}
							}
						},
						{
							"origin": [-37.9412, 18.78474, 72.07467],
							"size": [20.6624, 0.5082, 12.1968],
							"pivot": [-27.61, 19.03884, 78.17307],
							"rotation": [-47.5, 0, 0],
							"uv": {
								"north": {"uv": [444, 511], "uv_size": [23, 1]},
								"east": {"uv": [468, 507], "uv_size": [14, 1]},
								"south": {"uv": [444, 509], "uv_size": [23, 1]},
								"west": {"uv": [468, 505], "uv_size": [14, 1]},
								"up": {"uv": [512, 612], "uv_size": [-23, -14]},
								"down": {"uv": [536, 598], "uv_size": [-23, 14]}
							}
						},
						{
							"origin": [-12.77361, 24.87326, 23.11824],
							"size": [96.932, 0.5082, 4.884],
							"pivot": [35.69239, 25.12736, 25.56025],
							"rotation": [-52.5, -87.5, 90],
							"uv": {
								"north": {"uv": [552, 241], "uv_size": [110, 1]},
								"east": {"uv": [470, 245], "uv_size": [6, 1]},
								"south": {"uv": [552, 239], "uv_size": [110, 1]},
								"west": {"uv": [470, 243], "uv_size": [6, 1]},
								"up": {"uv": [701, 202], "uv_size": [-110, -6]},
								"down": {"uv": [701, 203], "uv_size": [-110, 6]}
							}
						},
						{
							"origin": [-84.15839, 24.83488, 23.11741],
							"size": [96.932, 0.5082, 4.884],
							"pivot": [-35.69239, 25.08898, 25.55941],
							"rotation": [-52.5, 87.5, -90],
							"uv": {
								"north": {"uv": [591, 212], "uv_size": [110, 1]},
								"east": {"uv": [470, 249], "uv_size": [6, 1]},
								"south": {"uv": [591, 210], "uv_size": [110, 1]},
								"west": {"uv": [470, 247], "uv_size": [6, 1]},
								"up": {"uv": [416, 600], "uv_size": [-110, -6]},
								"down": {"uv": [156, 595], "uv_size": [-110, 6]}
							}
						},
						{
							"origin": [5.4164, 27.10724, -24.66123],
							"size": [10.164, 6.9784, 4.0656],
							"uv": {
								"north": {"uv": [212, 548], "uv_size": [11, 7]},
								"east": {"uv": [208, 548], "uv_size": [4, 7]},
								"south": {"uv": [197, 548], "uv_size": [11, 7]},
								"west": {"uv": [193, 548], "uv_size": [4, 7]},
								"up": {"uv": [208, 548], "uv_size": [-11, -4]},
								"down": {"uv": [219, 544], "uv_size": [-11, 4]}
							}
						},
						{
							"origin": [-15.73, 27.49444, -24.38843],
							"size": [6.644, 6.0984, 2.0328],
							"uv": {
								"north": {"uv": [436, 505], "uv_size": [7, 6]},
								"east": {"uv": [434, 505], "uv_size": [2, 6]},
								"south": {"uv": [427, 505], "uv_size": [7, 6]},
								"west": {"uv": [425, 505], "uv_size": [2, 6]},
								"up": {"uv": [434, 505], "uv_size": [-7, -2]},
								"down": {"uv": [441, 503], "uv_size": [-7, 2]}
							}
						},
						{
							"origin": [-13.178, 30.30824, -27.03503],
							"size": [0.6446, 0.6446, 4.5738],
							"uv": {
								"north": {"uv": [476, 255], "uv_size": [1, 1]},
								"east": {"uv": [472, 253], "uv_size": [5, 1]},
								"south": {"uv": [476, 251], "uv_size": [1, 1]},
								"west": {"uv": [470, 251], "uv_size": [5, 1]},
								"up": {"uv": [478, 248], "uv_size": [-1, -5]},
								"down": {"uv": [479, 249], "uv_size": [-1, 5]}
							}
						}
					]
				},
				{
					"name": "left_side_hull",
					"parent": "body",
					"pivot": [22.51944, 32.77863, 11.93985],
					"cubes": [
						{
							"origin": [20.538, 18.41414, -21.79297],
							"size": [6.1008, 20.0576, 96.2062],
							"inflate": -0.01,
							"pivot": [23.5884, 28.44294, 26.31013],
							"rotation": [0, -2.5, -90],
							"uv": {
								"north": {"uv": [535, 109], "uv_size": [6, 22]},
								"east": {"uv": [426, 109], "uv_size": [109, 22]},
								"south": {"uv": [420, 109], "uv_size": [6, 22]},
								"west": {"uv": [311, 109], "uv_size": [109, 22]},
								"up": {"uv": [426, 109], "uv_size": [-6, -109]},
								"down": {"uv": [432, 0], "uv_size": [-6, 109]}
							}
						},
						{
							"origin": [19.30815, 32.00367, -20.88123],
							"size": [2.1468, 8.43749, 8.76426],
							"inflate": 0.001,
							"pivot": [20.38155, 36.22241, -16.4991],
							"rotation": [0, 0, -90],
							"uv": {
								"north": {"uv": [303, 573], "uv_size": [2, 9]},
								"east": {"uv": [294, 573], "uv_size": [9, 9]},
								"south": {"uv": [292, 573], "uv_size": [2, 9]},
								"west": {"uv": [283, 573], "uv_size": [9, 9]},
								"up": {"uv": [294, 573], "uv_size": [-2, -9]},
								"down": {"uv": [296, 564], "uv_size": [-2, 9]}
							}
						},
						{
							"origin": [-5.25144, 2.18288, -22.62863],
							"size": [9.65787, 20.05727, 97.05423],
							"inflate": 0.001,
							"pivot": [1.60343, 34.19648, 4.7547],
							"rotation": [0, 0, -90],
							"uv": {
								"north": {"uv": [230, 370], "uv_size": [10, 22]},
								"east": {"uv": [120, 370], "uv_size": [110, 22]},
								"south": {"uv": [110, 370], "uv_size": [10, 22]},
								"west": {"uv": [0, 370], "uv_size": [110, 22]},
								"up": {"uv": [120, 370], "uv_size": [-10, -110]},
								"down": {"uv": [130, 260], "uv_size": [-10, 110]}
							}
						}
					]
				},
				{
					"name": "right_side_hull",
					"parent": "body",
					"pivot": [-22.51944, 32.77863, 11.93985],
					"cubes": [
						{
							"origin": [-26.6388, 18.41414, -21.79297],
							"size": [6.1008, 20.0576, 96.2062],
							"inflate": -0.01,
							"pivot": [-23.5884, 28.44294, 26.31013],
							"rotation": [0, 2.5, 90],
							"uv": {
								"north": {"uv": [224, 502], "uv_size": [6, 22]},
								"east": {"uv": [115, 502], "uv_size": [109, 22]},
								"south": {"uv": [109, 502], "uv_size": [6, 22]},
								"west": {"uv": [0, 502], "uv_size": [109, 22]},
								"up": {"uv": [115, 502], "uv_size": [-6, -109]},
								"down": {"uv": [121, 393], "uv_size": [-6, 109]}
							}
						},
						{
							"origin": [-1.49592, 7.99277, -20.88123],
							"size": [2.1468, 8.43749, 8.76426],
							"inflate": 0.001,
							"pivot": [1.60343, 34.19648, 4.7547],
							"rotation": [0, 0, 90],
							"uv": {
								"north": {"uv": [303, 592], "uv_size": [2, 9]},
								"east": {"uv": [294, 592], "uv_size": [9, 9]},
								"south": {"uv": [292, 592], "uv_size": [2, 9]},
								"west": {"uv": [283, 592], "uv_size": [9, 9]},
								"up": {"uv": [294, 592], "uv_size": [-2, -9]},
								"down": {"uv": [296, 583], "uv_size": [-2, 9]}
							}
						},
						{
							"origin": [-28.41734, 22.14191, -22.62863],
							"size": [9.65787, 20.05727, 97.05423],
							"inflate": 0.001,
							"pivot": [-23.5884, 32.17054, 26.06857],
							"rotation": [0, 0, 90],
							"uv": {
								"north": {"uv": [471, 370], "uv_size": [10, 22]},
								"east": {"uv": [361, 370], "uv_size": [110, 22]},
								"south": {"uv": [351, 370], "uv_size": [10, 22]},
								"west": {"uv": [241, 370], "uv_size": [110, 22]},
								"up": {"uv": [361, 370], "uv_size": [-10, -110]},
								"down": {"uv": [371, 260], "uv_size": [-10, 110]}
							}
						}
					]
				},
				{
					"name": "turret",
					"parent": "body",
					"pivot": [-0.8008, 37.8867, 22.39633],
					"cubes": [
						{
							"origin": [-21.4192, 38.69156, -6.73783],
							"size": [42.6888, 12.1968, 12.804],
							"uv": {
								"north": {"uv": [468, 528], "uv_size": [48, 13]},
								"east": {"uv": [454, 528], "uv_size": [14, 13]},
								"south": {"uv": [406, 528], "uv_size": [48, 13]},
								"west": {"uv": [392, 528], "uv_size": [14, 13]},
								"up": {"uv": [454, 528], "uv_size": [-48, -14]},
								"down": {"uv": [502, 514], "uv_size": [-48, 14]}
							}
						},
						{
							"origin": [-23.452, 36.93156, 6.06617],
							"size": [46.7544, 15.1096, 32.9208],
							"uv": {
								"north": {"uv": [611, 496], "uv_size": [53, 17]},
								"east": {"uv": [574, 496], "uv_size": [37, 17]},
								"south": {"uv": [521, 496], "uv_size": [53, 17]},
								"west": {"uv": [484, 496], "uv_size": [37, 17]},
								"up": {"uv": [574, 496], "uv_size": [-53, -37]},
								"down": {"uv": [627, 459], "uv_size": [-53, 37]}
							}
						},
						{
							"origin": [4.004, 52.04116, 16.62617],
							"size": [15.9896, 4.0656, 16.2624],
							"uv": {
								"north": {"uv": [370, 539], "uv_size": [18, 4]},
								"east": {"uv": [352, 539], "uv_size": [18, 4]},
								"south": {"uv": [334, 539], "uv_size": [18, 4]},
								"west": {"uv": [316, 539], "uv_size": [18, 4]},
								"up": {"uv": [352, 539], "uv_size": [-18, -18]},
								"down": {"uv": [370, 521], "uv_size": [-18, 18]}
							}
						},
						{
							"origin": [-15.3208, 39.57156, 38.98697],
							"size": [30.492, 11.5896, 10.164],
							"uv": {
								"north": {"uv": [598, 11], "uv_size": [34, 13]},
								"east": {"uv": [587, 11], "uv_size": [11, 13]},
								"south": {"uv": [553, 11], "uv_size": [34, 13]},
								"west": {"uv": [542, 11], "uv_size": [11, 13]},
								"up": {"uv": [587, 11], "uv_size": [-34, -11]},
								"down": {"uv": [621, 0], "uv_size": [-34, 11]}
							}
						},
						{
							"origin": [-17.5384, 50.13684, 5.12457],
							"size": [3.52, 1.76, 0.88],
							"uv": {
								"north": {"uv": [443, 254], "uv_size": [4, 2]},
								"east": {"uv": [442, 254], "uv_size": [1, 2]},
								"south": {"uv": [438, 254], "uv_size": [4, 2]},
								"west": {"uv": [437, 254], "uv_size": [1, 2]},
								"up": {"uv": [442, 254], "uv_size": [-4, -1]},
								"down": {"uv": [446, 253], "uv_size": [-4, 1]}
							}
						}
					]
				},
				{
					"name": "turret_antenne",
					"parent": "turret",
					"pivot": [-8.602, 65.74116, 35.79697],
					"cubes": [
						{
							"origin": [-8.712, 52.04116, 35.68697],
							"size": [0.22, 26.4, 0.22],
							"uv": {
								"north": {"uv": [157, 595], "uv_size": [1, 30]},
								"east": {"uv": [159, 595], "uv_size": [1, 30]},
								"south": {"uv": [482, 351], "uv_size": [1, 30]},
								"west": {"uv": [280, 589], "uv_size": [1, 30]},
								"up": {"uv": [479, 256], "uv_size": [-1, -1]},
								"down": {"uv": [480, 243], "uv_size": [-1, 1]}
							}
						}
					]
				},
				{
					"name": "barrel",
					"parent": "turret",
					"pivot": [-1.41464, 45.42159, -6.86729],
					"cubes": [
						{
							"origin": [-3.17911, 41.73875, -26.45863],
							"size": [6.3712, 6.3712, 19.7208],
							"pivot": [0.00649, 44.92435, -16.59823],
							"rotation": [0, 0, 45],
							"uv": {
								"north": {"uv": [595, 47], "uv_size": [9, 9]},
								"east": {"uv": [573, 47], "uv_size": [22, 9]},
								"south": {"uv": [564, 47], "uv_size": [9, 9]},
								"west": {"uv": [542, 47], "uv_size": [22, 9]},
								"up": {"uv": [573, 47], "uv_size": [-9, -22]},
								"down": {"uv": [582, 25], "uv_size": [-9, 22]}
							}
						},
						{
							"origin": [-2.58645, 42.30963, -41.82166],
							"size": [5.2184, 5.2184, 15.4506],
							"pivot": [0.02275, 44.91883, -34.09636],
							"rotation": [0, 0, 45],
							"uv": {
								"north": {"uv": [592, 232], "uv_size": [6, 6]},
								"east": {"uv": [575, 232], "uv_size": [17, 6]},
								"south": {"uv": [569, 232], "uv_size": [6, 6]},
								"west": {"uv": [552, 232], "uv_size": [17, 6]},
								"up": {"uv": [575, 232], "uv_size": [-6, -17]},
								"down": {"uv": [581, 215], "uv_size": [-6, 17]}
							}
						}
					]
				},
				{
					"name": "spaced_armor_turret",
					"parent": "barrel",
					"pivot": [-0.1584, 44.91684, -8.07543],
					"cubes": [
						{
							"origin": [-21.2784, 39.57684, -8.95543],
							"size": [42.46, 10.56, 1.76],
							"uv": {
								"north": {"uv": [139, 527], "uv_size": [48, 15]},
								"east": {"uv": [137, 527], "uv_size": [2, 15]},
								"south": {"uv": [89, 527], "uv_size": [48, 15]},
								"west": {"uv": [87, 527], "uv_size": [2, 15]},
								"up": {"uv": [137, 527], "uv_size": [-48, -2]},
								"down": {"uv": [185, 525], "uv_size": [-48, 2]}
							}
						}
					]
				},
				{
					"name": "suspension_barrel",
					"parent": "barrel",
					"pivot": [0.21992, 44.82432, -69.62483],
					"cubes": [
						{
							"origin": [-1.58631, 43.33155, -76.16983],
							"size": [3.1856, 3.1856, 34.3112],
							"pivot": [0.00649, 44.92435, -59.01423],
							"rotation": [0, 0, 45],
							"uv": {
								"north": {"uv": [311, 559], "uv_size": [4, 4]},
								"east": {"uv": [273, 559], "uv_size": [38, 4]},
								"south": {"uv": [269, 559], "uv_size": [4, 4]},
								"west": {"uv": [231, 559], "uv_size": [38, 4]},
								"up": {"uv": [273, 559], "uv_size": [-4, -38]},
								"down": {"uv": [277, 521], "uv_size": [-4, 38]}
							}
						},
						{
							"origin": [-3.19223, 41.85868, -86.06103],
							"size": [6.3712, 6.3712, 9.8912],
							"pivot": [-0.00663, 45.04428, -80.23543],
							"rotation": [0, 0, -45],
							"uv": {
								"north": {"uv": [220, 534], "uv_size": [9, 9]},
								"east": {"uv": [211, 534], "uv_size": [9, 9]},
								"south": {"uv": [202, 534], "uv_size": [9, 9]},
								"west": {"uv": [193, 534], "uv_size": [9, 9]},
								"up": {"uv": [211, 534], "uv_size": [-9, -9]},
								"down": {"uv": [220, 525], "uv_size": [-9, 9]}
							}
						}
					],
					"locators": {
						"locator": [-0.02274, 45.028, -81.03608]
					}
				},
				{
					"name": "track",
					"pivot": [0, 0, -0.07608]
				},
				{
					"name": "left_track",
					"parent": "track",
					"pivot": [0.88, 0, -0.07608]
				},
				{
					"name": "left_passive_gear_1",
					"parent": "left_track",
					"pivot": [29.01516, 10.30132, 46.29783],
					"cubes": [
						{
							"origin": [24.74295, 4.84579, 40.8423],
							"size": [10.54443, 10.91105, 10.91105],
							"uv": {
								"north": {"uv": [273, 576], "uv_size": [9, 12]},
								"east": {"uv": [261, 576], "uv_size": [12, 12]},
								"south": {"uv": [252, 576], "uv_size": [9, 12]},
								"west": {"uv": [240, 576], "uv_size": [12, 12]},
								"up": {"uv": [261, 576], "uv_size": [-9, -12]},
								"down": {"uv": [270, 564], "uv_size": [-9, 12]}
							}
						}
					]
				},
				{
					"name": "left_passive_gear_2",
					"parent": "left_track",
					"pivot": [29.01516, 10.30132, 31.24983],
					"cubes": [
						{
							"origin": [24.74295, 4.84579, 25.7943],
							"size": [10.54443, 10.91105, 10.91105],
							"uv": {
								"north": {"uv": [388, 581], "uv_size": [9, 12]},
								"east": {"uv": [376, 581], "uv_size": [12, 12]},
								"south": {"uv": [367, 581], "uv_size": [9, 12]},
								"west": {"uv": [355, 581], "uv_size": [12, 12]},
								"up": {"uv": [376, 581], "uv_size": [-9, -12]},
								"down": {"uv": [385, 569], "uv_size": [-9, 12]}
							}
						}
					]
				},
				{
					"name": "left_passive_gear_3",
					"parent": "left_track",
					"pivot": [29.01516, 10.30132, 16.20182],
					"cubes": [
						{
							"origin": [24.74295, 4.84579, 10.7463],
							"size": [10.54443, 10.91105, 10.91105],
							"uv": {
								"north": {"uv": [431, 581], "uv_size": [9, 12]},
								"east": {"uv": [419, 581], "uv_size": [12, 12]},
								"south": {"uv": [410, 581], "uv_size": [9, 12]},
								"west": {"uv": [398, 581], "uv_size": [12, 12]},
								"up": {"uv": [419, 581], "uv_size": [-9, -12]},
								"down": {"uv": [428, 569], "uv_size": [-9, 12]}
							}
						}
					]
				},
				{
					"name": "left_passive_gear_4",
					"parent": "left_track",
					"pivot": [29.01516, 10.30132, 0.31782],
					"cubes": [
						{
							"origin": [24.74295, 4.84579, -5.1377],
							"size": [10.54443, 10.91105, 10.91105],
							"uv": {
								"north": {"uv": [474, 581], "uv_size": [9, 12]},
								"east": {"uv": [462, 581], "uv_size": [12, 12]},
								"south": {"uv": [453, 581], "uv_size": [9, 12]},
								"west": {"uv": [441, 581], "uv_size": [12, 12]},
								"up": {"uv": [462, 581], "uv_size": [-9, -12]},
								"down": {"uv": [471, 569], "uv_size": [-9, 12]}
							}
						}
					]
				},
				{
					"name": "left_gear_front",
					"parent": "left_track",
					"pivot": [26.6794, 14.24895, -24.21991],
					"cubes": [
						{
							"origin": [20.17598, 8.42241, -29.99363],
							"size": [15.00683, 11.58915, 11.58915],
							"pivot": [27.2294, 14.21699, -24.19906],
							"rotation": [-45, 0, 0],
							"uv": {
								"north": {"uv": [428, 555], "uv_size": [13, 13]},
								"east": {"uv": [415, 555], "uv_size": [13, 13]},
								"south": {"uv": [402, 555], "uv_size": [13, 13]},
								"west": {"uv": [389, 555], "uv_size": [13, 13]},
								"up": {"uv": [415, 555], "uv_size": [-13, -13]},
								"down": {"uv": [428, 542], "uv_size": [-13, 13]}
							}
						},
						{
							"origin": [20.17434, 8.48471, -30.037],
							"size": [15.01011, 11.59243, 11.59243],
							"inflate": -0.01,
							"pivot": [27.2294, 14.28092, -24.24078],
							"rotation": [-90, 0, 0],
							"uv": {
								"north": {"uv": [481, 555], "uv_size": [13, 13]},
								"east": {"uv": [468, 555], "uv_size": [13, 13]},
								"south": {"uv": [455, 555], "uv_size": [13, 13]},
								"west": {"uv": [442, 555], "uv_size": [13, 13]},
								"up": {"uv": [468, 555], "uv_size": [-13, -13]},
								"down": {"uv": [481, 542], "uv_size": [-13, 13]}
							}
						}
					]
				},
				{
					"name": "left_gear_back",
					"parent": "left_track",
					"pivot": [26.3494, 11.81728, 67.9909],
					"cubes": [
						{
							"origin": [19.32266, 6.48938, 62.663],
							"size": [16.05348, 10.6558, 10.6558],
							"inflate": -0.5,
							"pivot": [27.6694, 11.81728, 67.9909],
							"rotation": [-45, 0, 0],
							"uv": {
								"north": {"uv": [592, 560], "uv_size": [12, 11]},
								"east": {"uv": [581, 560], "uv_size": [11, 11]},
								"south": {"uv": [569, 560], "uv_size": [12, 11]},
								"west": {"uv": [558, 560], "uv_size": [11, 11]},
								"up": {"uv": [581, 560], "uv_size": [-12, -11]},
								"down": {"uv": [593, 549], "uv_size": [-12, 11]}
							}
						},
						{
							"origin": [19.40302, 6.56974, 62.74336],
							"size": [15.89276, 10.49508, 10.49508],
							"inflate": -0.01,
							"pivot": [27.6694, 11.81728, 67.9909],
							"rotation": [-90, 0, 0],
							"uv": {
								"north": {"uv": [34, 573], "uv_size": [12, 11]},
								"east": {"uv": [23, 573], "uv_size": [11, 11]},
								"south": {"uv": [11, 573], "uv_size": [12, 11]},
								"west": {"uv": [0, 573], "uv_size": [11, 11]},
								"up": {"uv": [23, 573], "uv_size": [-12, -11]},
								"down": {"uv": [35, 562], "uv_size": [-12, 11]}
							}
						}
					]
				},
				{
					"name": "left_track_steels",
					"parent": "left_track",
					"pivot": [26.28135, 11.83155, 21.56804],
					"cubes": [
						{
							"origin": [17.36499, 20.37698, -23.91569],
							"size": [19.69998, 1.93302, 92.44047],
							"inflate": 0.001,
							"pivot": [25.09056, 18.44676, 66.01376],
							"rotation": [-2.5, 0, 0],
							"uv": {
								"north": {"uv": [712, 348], "uv_size": [20, 2]},
								"east": {"uv": [607, 348], "uv_size": [105, 2]},
								"south": {"uv": [587, 348], "uv_size": [20, 2]},
								"west": {"uv": [482, 348], "uv_size": [105, 2]},
								"up": {"uv": [607, 348], "uv_size": [-20, -105]},
								"down": {"uv": [627, 243], "uv_size": [-20, 105]}
							}
						},
						{
							"origin": [17.84871, 6.0238, -164.229],
							"size": [19.21533, 1.93116, 94.57877],
							"pivot": [25.09056, 4.09264, -47.92468],
							"rotation": [180, 0, 0],
							"uv": {
								"north": {"uv": [532, 240], "uv_size": [19, 2]},
								"east": {"uv": [425, 240], "uv_size": [107, 2]},
								"south": {"uv": [406, 240], "uv_size": [19, 2]},
								"west": {"uv": [299, 240], "uv_size": [107, 2]},
								"up": {"uv": [425, 240], "uv_size": [-19, -107]},
								"down": {"uv": [444, 133], "uv_size": [-19, 107]}
							}
						},
						{
							"origin": [17.36499, 29.19678, -52.81831],
							"size": [19.69998, 1.93302, 14.55035],
							"inflate": 0.001,
							"pivot": [25.09056, 27.26656, -30.54424],
							"rotation": [90, 0, 0],
							"uv": {
								"north": {"uv": [594, 73], "uv_size": [20, 2]},
								"east": {"uv": [578, 73], "uv_size": [16, 2]},
								"south": {"uv": [558, 73], "uv_size": [20, 2]},
								"west": {"uv": [542, 73], "uv_size": [16, 2]},
								"up": {"uv": [578, 73], "uv_size": [-20, -16]},
								"down": {"uv": [598, 57], "uv_size": [-20, 16]}
							}
						},
						{
							"origin": [17.36592, 27.74935, -34.88935],
							"size": [19.69812, 2.41395, 13.25896],
							"pivot": [25.09056, 25.81819, -15.09496],
							"rotation": [30, 0, 0],
							"uv": {
								"north": {"uv": [592, 110], "uv_size": [20, 2]},
								"east": {"uv": [577, 110], "uv_size": [15, 2]},
								"south": {"uv": [557, 110], "uv_size": [20, 2]},
								"west": {"uv": [542, 110], "uv_size": [15, 2]},
								"up": {"uv": [577, 110], "uv_size": [-20, -15]},
								"down": {"uv": [597, 95], "uv_size": [-20, 15]}
							}
						},
						{
							"origin": [17.36592, 2.62871, -35.28686],
							"size": [19.69812, 2.41395, 9.17301],
							"pivot": [23.1594, 1.88769, -30.54424],
							"rotation": [-30, 0, 0],
							"uv": {
								"north": {"uv": [592, 141], "uv_size": [20, 2]},
								"east": {"uv": [582, 141], "uv_size": [10, 2]},
								"south": {"uv": [562, 141], "uv_size": [20, 2]},
								"west": {"uv": [552, 141], "uv_size": [10, 2]},
								"up": {"uv": [582, 141], "uv_size": [-20, -10]},
								"down": {"uv": [602, 131], "uv_size": [-20, 10]}
							}
						},
						{
							"origin": [17.48178, 2.36682, 68.25235],
							"size": [19.6595, 2.10014, 8.9461],
							"pivot": [23.25596, 1.72214, 73.55515],
							"rotation": [22.5, 0, 0],
							"uv": {
								"north": {"uv": [592, 154], "uv_size": [20, 2]},
								"east": {"uv": [582, 154], "uv_size": [10, 2]},
								"south": {"uv": [562, 154], "uv_size": [20, 2]},
								"west": {"uv": [552, 154], "uv_size": [10, 2]},
								"up": {"uv": [582, 154], "uv_size": [-20, -10]},
								"down": {"uv": [602, 144], "uv_size": [-20, 10]}
							}
						},
						{
							"origin": [17.48112, 25.18023, 80.2749],
							"size": [19.66085, 1.68146, 13.0222],
							"inflate": 0.001,
							"pivot": [24.93606, 23.5008, 73.55515],
							"rotation": [-90, 0, 0],
							"uv": {
								"north": {"uv": [347, 257], "uv_size": [20, 1]},
								"east": {"uv": [333, 257], "uv_size": [14, 1]},
								"south": {"uv": [313, 257], "uv_size": [20, 1]},
								"west": {"uv": [299, 257], "uv_size": [14, 1]},
								"up": {"uv": [333, 257], "uv_size": [-20, -14]},
								"down": {"uv": [353, 243], "uv_size": [-20, 14]}
							}
						},
						{
							"origin": [17.48178, 17.36665, 67.013],
							"size": [19.6595, 2.10014, 10.08065],
							"pivot": [26.60807, 18.8967, 73.28127],
							"rotation": [-30, 0, 0],
							"uv": {
								"north": {"uv": [358, 555], "uv_size": [20, 2]},
								"east": {"uv": [347, 555], "uv_size": [11, 2]},
								"south": {"uv": [327, 555], "uv_size": [20, 2]},
								"west": {"uv": [316, 555], "uv_size": [11, 2]},
								"up": {"uv": [347, 555], "uv_size": [-20, -11]},
								"down": {"uv": [367, 544], "uv_size": [-20, 11]}
							}
						}
					]
				},
				{
					"name": "right_track",
					"parent": "track",
					"pivot": [-0.88, 0, -0.07608]
				},
				{
					"name": "right_passive_gear_1",
					"parent": "right_track",
					"pivot": [-26.37516, 10.30132, 46.29783],
					"cubes": [
						{
							"origin": [-32.64738, 4.84579, 40.8423],
							"size": [10.54443, 10.91105, 10.91105],
							"uv": {
								"north": {"uv": [80, 582], "uv_size": [9, 12]},
								"east": {"uv": [68, 582], "uv_size": [12, 12]},
								"south": {"uv": [59, 582], "uv_size": [9, 12]},
								"west": {"uv": [47, 582], "uv_size": [12, 12]},
								"up": {"uv": [68, 582], "uv_size": [-9, -12]},
								"down": {"uv": [77, 570], "uv_size": [-9, 12]}
							}
						}
					]
				},
				{
					"name": "right_passive_gear_2",
					"parent": "right_track",
					"pivot": [-26.37516, 10.30132, 31.24983],
					"cubes": [
						{
							"origin": [-32.64738, 4.84579, 25.7943],
							"size": [10.54443, 10.91105, 10.91105],
							"uv": {
								"north": {"uv": [123, 582], "uv_size": [9, 12]},
								"east": {"uv": [111, 582], "uv_size": [12, 12]},
								"south": {"uv": [102, 582], "uv_size": [9, 12]},
								"west": {"uv": [90, 582], "uv_size": [12, 12]},
								"up": {"uv": [111, 582], "uv_size": [-9, -12]},
								"down": {"uv": [120, 570], "uv_size": [-9, 12]}
							}
						}
					]
				},
				{
					"name": "right_passive_gear_3",
					"parent": "right_track",
					"pivot": [-26.37516, 10.30132, 16.20182],
					"cubes": [
						{
							"origin": [-32.64738, 4.84579, 10.7463],
							"size": [10.54443, 10.91105, 10.91105],
							"uv": {
								"north": {"uv": [166, 582], "uv_size": [9, 12]},
								"east": {"uv": [154, 582], "uv_size": [12, 12]},
								"south": {"uv": [145, 582], "uv_size": [9, 12]},
								"west": {"uv": [133, 582], "uv_size": [12, 12]},
								"up": {"uv": [154, 582], "uv_size": [-9, -12]},
								"down": {"uv": [163, 570], "uv_size": [-9, 12]}
							}
						}
					]
				},
				{
					"name": "right_passive_gear_4",
					"parent": "right_track",
					"pivot": [-26.37516, 10.30132, 0.31782],
					"cubes": [
						{
							"origin": [-32.64738, 4.84579, -5.1377],
							"size": [10.54443, 10.91105, 10.91105],
							"uv": {
								"north": {"uv": [575, 584], "uv_size": [9, 12]},
								"east": {"uv": [563, 584], "uv_size": [12, 12]},
								"south": {"uv": [554, 584], "uv_size": [9, 12]},
								"west": {"uv": [542, 584], "uv_size": [12, 12]},
								"up": {"uv": [563, 584], "uv_size": [-9, -12]},
								"down": {"uv": [572, 572], "uv_size": [-9, 12]}
							}
						}
					]
				},
				{
					"name": "right_gear_front",
					"parent": "right_track",
					"pivot": [-24.80941, 14.24895, -24.21991],
					"cubes": [
						{
							"origin": [-33.20282, 8.42241, -29.99363],
							"size": [14.78683, 11.58915, 11.58915],
							"pivot": [-24.3694, 14.21699, -24.19906],
							"rotation": [-45, 0, 0],
							"uv": {
								"north": {"uv": [126, 556], "uv_size": [13, 13]},
								"east": {"uv": [113, 556], "uv_size": [13, 13]},
								"south": {"uv": [100, 556], "uv_size": [13, 13]},
								"west": {"uv": [87, 556], "uv_size": [13, 13]},
								"up": {"uv": [113, 556], "uv_size": [-13, -13]},
								"down": {"uv": [126, 543], "uv_size": [-13, 13]}
							}
						},
						{
							"origin": [-33.20446, 8.48471, -30.037],
							"size": [14.79011, 11.59243, 11.59243],
							"inflate": -0.01,
							"pivot": [-24.3694, 14.28092, -24.24078],
							"rotation": [-90, 0, 0],
							"uv": {
								"north": {"uv": [179, 556], "uv_size": [13, 13]},
								"east": {"uv": [166, 556], "uv_size": [13, 13]},
								"south": {"uv": [153, 556], "uv_size": [13, 13]},
								"west": {"uv": [140, 556], "uv_size": [13, 13]},
								"up": {"uv": [166, 556], "uv_size": [-13, -13]},
								"down": {"uv": [179, 543], "uv_size": [-13, 13]}
							}
						}
					]
				},
				{
					"name": "right_gear_back",
					"parent": "right_track",
					"pivot": [-24.3694, 11.84283, 67.97088],
					"cubes": [
						{
							"origin": [-33.17614, 6.26938, 63.323],
							"size": [15.61348, 10.4358, 10.2158],
							"inflate": -0.5,
							"pivot": [-23.9294, 12.25728, 68.6509],
							"rotation": [-45, 0, 0],
							"uv": {
								"north": {"uv": [529, 574], "uv_size": [12, 11]},
								"east": {"uv": [518, 574], "uv_size": [11, 11]},
								"south": {"uv": [506, 574], "uv_size": [12, 11]},
								"west": {"uv": [495, 574], "uv_size": [11, 11]},
								"up": {"uv": [518, 574], "uv_size": [-12, -11]},
								"down": {"uv": [530, 563], "uv_size": [-12, 11]}
							}
						},
						{
							"origin": [-33.09578, 5.68974, 64.50336],
							"size": [15.45276, 10.49508, 10.49508],
							"inflate": -0.01,
							"pivot": [-23.9294, 12.25728, 69.3109],
							"rotation": [-90, 0, 0],
							"uv": {
								"north": {"uv": [227, 575], "uv_size": [12, 11]},
								"east": {"uv": [216, 575], "uv_size": [11, 11]},
								"south": {"uv": [204, 575], "uv_size": [12, 11]},
								"west": {"uv": [193, 575], "uv_size": [11, 11]},
								"up": {"uv": [216, 575], "uv_size": [-12, -11]},
								"down": {"uv": [228, 564], "uv_size": [-12, 11]}
							}
						}
					]
				},
				{
					"name": "right_track_steels",
					"parent": "right_track",
					"pivot": [-26.28137, 11.83155, 21.56804],
					"cubes": [
						{
							"origin": [-37.06498, 20.37698, -23.91569],
							"size": [19.69998, 1.93302, 92.44047],
							"inflate": 0.001,
							"pivot": [-25.09056, 18.44676, 66.01376],
							"rotation": [-2.5, 0, 0],
							"uv": {
								"north": {"uv": [714, 456], "uv_size": [20, 2]},
								"east": {"uv": [609, 456], "uv_size": [105, 2]},
								"south": {"uv": [589, 456], "uv_size": [20, 2]},
								"west": {"uv": [484, 456], "uv_size": [105, 2]},
								"up": {"uv": [609, 456], "uv_size": [-20, -105]},
								"down": {"uv": [629, 351], "uv_size": [-20, 105]}
							}
						},
						{
							"origin": [-37.06404, 6.0238, -164.229],
							"size": [19.21533, 1.93116, 94.57877],
							"pivot": [-25.09056, 4.09264, -47.92468],
							"rotation": [180, 0, 0],
							"uv": {
								"north": {"uv": [464, 500], "uv_size": [19, 2]},
								"east": {"uv": [357, 500], "uv_size": [107, 2]},
								"south": {"uv": [338, 500], "uv_size": [19, 2]},
								"west": {"uv": [231, 500], "uv_size": [107, 2]},
								"up": {"uv": [357, 500], "uv_size": [-19, -107]},
								"down": {"uv": [376, 393], "uv_size": [-19, 107]}
							}
						},
						{
							"origin": [-37.06498, 29.19678, -52.81831],
							"size": [19.69998, 1.93302, 14.55035],
							"inflate": 0.001,
							"pivot": [-25.09056, 27.26656, -30.54424],
							"rotation": [90, 0, 0],
							"uv": {
								"north": {"uv": [594, 92], "uv_size": [20, 2]},
								"east": {"uv": [578, 92], "uv_size": [16, 2]},
								"south": {"uv": [558, 92], "uv_size": [20, 2]},
								"west": {"uv": [542, 92], "uv_size": [16, 2]},
								"up": {"uv": [578, 92], "uv_size": [-20, -16]},
								"down": {"uv": [598, 76], "uv_size": [-20, 16]}
							}
						},
						{
							"origin": [-37.06404, 27.74935, -34.88935],
							"size": [19.69812, 2.41395, 13.25896],
							"pivot": [-25.09056, 25.81819, -15.09496],
							"rotation": [30, 0, 0],
							"uv": {
								"north": {"uv": [592, 128], "uv_size": [20, 2]},
								"east": {"uv": [577, 128], "uv_size": [15, 2]},
								"south": {"uv": [557, 128], "uv_size": [20, 2]},
								"west": {"uv": [542, 128], "uv_size": [15, 2]},
								"up": {"uv": [577, 128], "uv_size": [-20, -15]},
								"down": {"uv": [597, 113], "uv_size": [-20, 15]}
							}
						},
						{
							"origin": [-37.06404, 2.62871, -35.28686],
							"size": [19.69812, 2.41395, 9.17301],
							"pivot": [-23.1594, 1.88769, -30.54424],
							"rotation": [-30, 0, 0],
							"uv": {
								"north": {"uv": [592, 167], "uv_size": [20, 2]},
								"east": {"uv": [582, 167], "uv_size": [10, 2]},
								"south": {"uv": [562, 167], "uv_size": [20, 2]},
								"west": {"uv": [552, 167], "uv_size": [10, 2]},
								"up": {"uv": [582, 167], "uv_size": [-20, -10]},
								"down": {"uv": [602, 157], "uv_size": [-20, 10]}
							}
						},
						{
							"origin": [-37.14129, 2.36682, 68.25235],
							"size": [19.6595, 2.10014, 8.9461],
							"pivot": [-23.25596, 1.72214, 73.55515],
							"rotation": [22.5, 0, 0],
							"uv": {
								"north": {"uv": [592, 180], "uv_size": [20, 2]},
								"east": {"uv": [582, 180], "uv_size": [10, 2]},
								"south": {"uv": [562, 180], "uv_size": [20, 2]},
								"west": {"uv": [552, 180], "uv_size": [10, 2]},
								"up": {"uv": [582, 180], "uv_size": [-20, -10]},
								"down": {"uv": [602, 170], "uv_size": [-20, 10]}
							}
						},
						{
							"origin": [-37.14196, 25.18023, 80.2749],
							"size": [19.66085, 1.68146, 13.0222],
							"inflate": 0.001,
							"pivot": [-24.93607, 23.5008, 73.55515],
							"rotation": [-90, 0, 0],
							"uv": {
								"north": {"uv": [416, 257], "uv_size": [20, 1]},
								"east": {"uv": [402, 257], "uv_size": [14, 1]},
								"south": {"uv": [382, 257], "uv_size": [20, 1]},
								"west": {"uv": [368, 257], "uv_size": [14, 1]},
								"up": {"uv": [402, 257], "uv_size": [-20, -14]},
								"down": {"uv": [422, 243], "uv_size": [-20, 14]}
							}
						},
						{
							"origin": [-37.14129, 17.36665, 67.013],
							"size": [19.6595, 2.10014, 10.08065],
							"pivot": [-26.60807, 18.8967, 73.28127],
							"rotation": [-30, 0, 0],
							"uv": {
								"north": {"uv": [537, 560], "uv_size": [20, 2]},
								"east": {"uv": [526, 560], "uv_size": [11, 2]},
								"south": {"uv": [506, 560], "uv_size": [20, 2]},
								"west": {"uv": [495, 560], "uv_size": [11, 2]},
								"up": {"uv": [526, 560], "uv_size": [-20, -11]},
								"down": {"uv": [546, 549], "uv_size": [-20, 11]}
							}
						}
					]
				}
			]
		}
	]
}