{
	"format_version": "1.10.0",
	"animations": {
		"animation.centurion_action_x.move": {
			"loop": true,
			"animation_length": 1.25,
			"bones": {
				"right_passive_gear_1": {
					"rotation": [
						"query.modified_distance_moved * 20",
						0,
						0
					]
				},
				"right_passive_gear_2": {
					"rotation": [
						"query.modified_distance_moved * 20",
						0,
						0
					]
				},
				"right_passive_gear_3": {
					"rotation": [
						"query.modified_distance_moved * 20",
						0,
						0
					]
				},
				"right_passive_gear_4": {
					"rotation": [
						"query.modified_distance_moved * 20",
						0,
						0
					]
				},
				"right_passive_gear_5": {
					"rotation": [
						"query.modified_distance_moved * 20",
						0,
						0
					]
				},
				"right_passive_gear_6": {
					"rotation": [
						"query.modified_distance_moved * 20",
						0,
						0
					]
				},
				"right_gear_front": {
					"rotation": [
						"query.modified_distance_moved * 20",
						0,
						0
					]
				},
				"right_gear_back": {
					"rotation": [
						"query.modified_distance_moved * 20",
						0,
						0
					]
				},
				"left_passive_gear_1": {
					"rotation": [
						"query.modified_distance_moved * 20",
						0,
						0
					]
				},
				"left_passive_gear_2": {
					"rotation": [
						"query.modified_distance_moved * 20",
						0,
						0
					]
				},
				"left_passive_gear_3": {
					"rotation": [
						"query.modified_distance_moved * 20",
						0,
						0
					]
				},
				"left_passive_gear_4": {
					"rotation": [
						"query.modified_distance_moved * 20",
						0,
						0
					]
				},
				"left_passive_gear_5": {
					"rotation": [
						"query.modified_distance_moved * 20",
						0,
						0
					]
				},
				"left_passive_gear_6": {
					"rotation": [
						"query.modified_distance_moved * 20",
						0,
						0
					]
				},
				"left_gear_front": {
					"rotation": [
						"query.modified_distance_moved * 20",
						0,
						0
					]
				},
				"left_gear_back": {
					"rotation": [
						"query.modified_distance_moved * 20",
						0,
						0
					]
				},
				"body": {
					"position": {
						"0.0": [
							0,
							0,
							0
						],
						"0.1667": [
							0,
							0.5,
							0
						],
						"0.5": [
							0,
							0,
							0
						],
						"0.6667": [
							0,
							0.5,
							0
						],
						"0.8333": [
							0,
							0,
							0
						],
						"1.0833": [
							0,
							0.5,
							0
						],
						"1.25": [
							0,
							0,
							0
						]
					}
				}
			}
		},
		"animation.centurion_action_x.look_at_target": {
			"loop": true,
			"bones": {
				"head": {
					"relative_to": {
						"rotation": "entity"
					},
					"rotation": [
						0,
						"query.body_y_rotation * 0.8",
						0
					]
				}
			}
		},
		"animation.centurion_action_x.shoot": {
			"loop": true,
			"animation_length": 1,
			"bones": {
				"suspension_barrel": {
					"position": {
						"0.0": {
							"post": [
								0,
								0,
								0
							],
							"lerp_mode": "catmullrom"
						},
						"0.0833": {
							"post": [
								0,
								0,
								7
							],
							"lerp_mode": "catmullrom"
						},
						"1.0": {
							"post": [
								0,
								0,
								0
							],
							"lerp_mode": "catmullrom"
						}
					}
				},
				"gun_blast": {
					"position": [
						0,
						0,
						-5.5
					],
					"scale": {
						"0.0": [
							50,
							50,
							50
						],
						"0.1667": [
							0,
							0,
							0
						]
					}
				}
			}
		}
	}
}