{
	"format_version": "1.8.0",
	"animations": {
		"animation.ammo_3d.first_person_hold": {
			"loop": true,
			"bones": {
				"root_item": {
					"rotation": [90, 56, -32],
					"position": [1, 22, 4]
				}
			}
		},
		"animation.ammo_3d.third_person_hold": {
			"loop": true,
			"animation_length": 8.1667,
			"bones": {
				"root_item": {
					"rotation": [25, 0, 0],
					"position": {
						"0.0": [-0.5, 20, -2.5],
						"5.1667": [-0.75, 19, -2.5]
					},
					"scale": 0.85
				}
			}
		}
	}
}