{
	"format_version": "1.21.0",
	"minecraft:geometry": [
		{
			"description": {
				"identifier": "geometry.centurion_action_x",
				"texture_width": 512,
				"texture_height": 512,
				"visible_bounds_width": 24,
				"visible_bounds_height": 10,
				"visible_bounds_offset": [0, 1, 0]
			},
			"bones": [
				{
					"name": "body",
					"pivot": [0, 1, -22]
				},
				{
					"name": "hull_front",
					"parent": "body",
					"pivot": [0, 17.10918, -61.96987],
					"rotation": [-55, 0, 0],
					"cubes": [
						{
							"origin": [-21, 14.98535, -63.63365],
							"size": [42, 24.99, 11],
							"inflate": 0.01,
							"uv": {
								"north": {"uv": [167, 64], "uv_size": [42, 24]},
								"east": {"uv": [43, 240], "uv_size": [11, 24]},
								"south": {"uv": [167, 88], "uv_size": [42, 24]},
								"west": {"uv": [195, 243], "uv_size": [11, 24]},
								"up": {"uv": [26, 222], "uv_size": [42, 11]},
								"down": {"uv": [223, 98], "uv_size": [42, -11]}
							}
						}
					]
				},
				{
					"name": "hull_center",
					"parent": "body",
					"pivot": [0, 18.25, -8.74078],
					"cubes": [
						{
							"origin": [-20.75, 9.15, -58.24078],
							"size": [41.5, 12.25, 118.002],
							"inflate": -0.002,
							"uv": {
								"north": {"uv": [209, 143], "uv_size": [42, 12]},
								"east": {"uv": [139, 0], "uv_size": [118, 12]},
								"south": {"uv": [72, 214], "uv_size": [42, 12]},
								"west": {"uv": [139, 12], "uv_size": [118, 12]},
								"up": {"uv": [0, 0], "uv_size": [42, 118]},
								"down": {"uv": [42, 118], "uv_size": [42, -118]}
							}
						},
						{
							"origin": [-21, 21.399, -43.84178],
							"size": [42, 10.051, 107.101],
							"inflate": -0.001,
							"uv": {
								"north": {"uv": [223, 118], "uv_size": [42, 10]},
								"east": {"uv": [167, 44], "uv_size": [107, 10]},
								"south": {"uv": [68, 226], "uv_size": [42, 10]},
								"west": {"uv": [167, 54], "uv_size": [107, 10]},
								"up": {"uv": [84, 0], "uv_size": [42, 107]},
								"down": {"uv": [84, 214], "uv_size": [42, -107]}
							}
						},
						{
							"origin": [-8.002, 31.649, -41.74078],
							"size": [4.002, 1.301, 4],
							"inflate": -0.001,
							"uv": {
								"north": {"uv": [222, 157], "uv_size": [4, 1]},
								"east": {"uv": [114, 225], "uv_size": [4, 1]},
								"south": {"uv": [118, 225], "uv_size": [4, 1]},
								"west": {"uv": [226, 157], "uv_size": [4, 1]},
								"up": {"uv": [209, 134], "uv_size": [4, 4]},
								"down": {"uv": [68, 226], "uv_size": [4, -4]}
							}
						},
						{
							"origin": [-13, 31.649, -41.74078],
							"size": [4, 1.301, 4],
							"inflate": -0.001,
							"uv": {
								"north": {"uv": [0, 232], "uv_size": [4, 1]},
								"east": {"uv": [4, 232], "uv_size": [4, 1]},
								"south": {"uv": [8, 232], "uv_size": [4, 1]},
								"west": {"uv": [12, 232], "uv_size": [4, 1]},
								"up": {"uv": [106, 243], "uv_size": [4, 4]},
								"down": {"uv": [267, 14], "uv_size": [4, -4]}
							}
						}
					]
				},
				{
					"name": "hull_back",
					"parent": "body",
					"pivot": [0, 18.73027, 36.18079],
					"rotation": [-22.5, 0, 0],
					"cubes": [
						{
							"origin": [-21, 18.43875, 57.9845],
							"size": [42, 22.85, 8.43],
							"inflate": 0.01,
							"pivot": [0, 40.73875, 65.6995],
							"rotation": [-12.5, 0, 0],
							"uv": {
								"north": {"uv": [167, 112], "uv_size": [42, 23]},
								"east": {"uv": [30, 252], "uv_size": [8, 23]},
								"south": {"uv": [167, 135], "uv_size": [42, 23]},
								"west": {"uv": [84, 253], "uv_size": [8, 23]},
								"up": {"uv": [167, 235], "uv_size": [42, 8]},
								"down": {"uv": [209, 243], "uv_size": [42, -8]}
							}
						}
					]
				},
				{
					"name": "engine_chamber",
					"parent": "body",
					"pivot": [0, 2, -0.24078],
					"cubes": [
						{
							"origin": [-21, 27.75, 16.75922],
							"size": [42, 6.5, 56],
							"uv": {
								"north": {"uv": [240, 167], "uv_size": [42, 7]},
								"east": {"uv": [207, 228], "uv_size": [56, 7]},
								"south": {"uv": [240, 174], "uv_size": [42, 7]},
								"west": {"uv": [0, 233], "uv_size": [56, 7]},
								"up": {"uv": [0, 118], "uv_size": [42, 56]},
								"down": {"uv": [42, 174], "uv_size": [42, -56]}
							}
						}
					]
				},
				{
					"name": "head",
					"parent": "body",
					"pivot": [0, 40.64828, -9.96411],
					"cubes": [
						{
							"origin": [-20, 35.699, 6.75922],
							"size": [40, 12.25, 16],
							"uv": {
								"north": {"uv": [207, 216], "uv_size": [40, 12]},
								"east": {"uv": [247, 201], "uv_size": [17, 12]},
								"south": {"uv": [167, 217], "uv_size": [40, 12]},
								"west": {"uv": [247, 213], "uv_size": [17, 12]},
								"up": {"uv": [26, 192], "uv_size": [40, 17]},
								"down": {"uv": [167, 217], "uv_size": [40, -17]}
							}
						},
						{
							"origin": [-23, 36.699, 18.75922],
							"size": [46, 10.25, 12],
							"uv": {
								"north": {"uv": [223, 98], "uv_size": [46, 10]},
								"east": {"uv": [105, 262], "uv_size": [13, 10]},
								"south": {"uv": [223, 108], "uv_size": [46, 10]},
								"west": {"uv": [167, 262], "uv_size": [13, 10]},
								"up": {"uv": [26, 209], "uv_size": [46, 13]},
								"down": {"uv": [209, 87], "uv_size": [46, -13]}
							}
						}
					],
					"poly_mesh": {
						"normalized_uvs": true,
						"positions": [
							[-6.7, 41.0903, -28.41078],
							[-20, 48.699, -16.41078],
							[-20, 31.699, -16.41078],
							[-14, 31.699, -26.41078],
							[20, 31.699, -16.41078],
							[20, 48.699, -16.41078],
							[6.7, 41.0903, -28.41078],
							[14, 31.699, -26.41078]
						],
						"normals": [
							[0.2478, 0.55051, -0.79721],
							[0.37599, 0.88468, 0.27564],
							[0.31951, -0.6265, 0.71092],
							[0.34599, -0.72387, -0.59691],
							[-0.31951, -0.6265, 0.71092],
							[-0.37599, 0.88468, 0.27564],
							[-0.2478, 0.55051, -0.79721],
							[-0.34599, -0.72387, -0.59691]
						],
						"uvs": [
							[0.03499, 0.51639],
							[0, 0.53125],
							[0, 0.49805],
							[0.0244, 0.49805],
							[0.48633, 0.74805],
							[0.4082, 0.74805],
							[0.43418, 0.7207],
							[0.46035, 0.7207]
						],
						"polys": [
							[
								[0, 0, 0],
								[1, 1, 1],
								[2, 2, 2],
								[3, 3, 3]
							],
							[
								[4, 4, 3],
								[5, 5, 0],
								[6, 6, 1],
								[7, 7, 2]
							],
							[
								[5, 5, 4],
								[1, 1, 5],
								[0, 0, 6],
								[6, 6, 7]
							],
							[
								[3, 3, 5],
								[2, 2, 6],
								[4, 4, 7],
								[7, 7, 4]
							],
							[
								[2, 2, 3],
								[1, 1, 0],
								[5, 5, 1],
								[4, 4, 2]
							],
							[
								[6, 6, 0],
								[0, 0, 1],
								[3, 3, 2],
								[7, 7, 3]
							]
						]
					}
				},
				{
					"name": "turret_roof",
					"parent": "head",
					"pivot": [0, 4.25, -13.58026],
					"cubes": [
						{
							"origin": [-20, 31.699, -16.39078],
							"size": [40, 17.15, 23.15],
							"uv": {
								"north": {"uv": [207, 182], "uv_size": [40, 17]},
								"east": {"uv": [70, 236], "uv_size": [18, 17]},
								"south": {"uv": [207, 199], "uv_size": [40, 17]},
								"west": {"uv": [88, 236], "uv_size": [18, 17]},
								"up": {"uv": [26, 174], "uv_size": [40, 18]},
								"down": {"uv": [167, 200], "uv_size": [40, -18]}
							}
						},
						{
							"origin": [-16, 48.949, -10.64078],
							"size": [14, 3, 14],
							"uv": {
								"north": {"uv": [274, 61], "uv_size": [14, 3]},
								"east": {"uv": [278, 201], "uv_size": [14, 3]},
								"south": {"uv": [278, 204], "uv_size": [14, 3]},
								"west": {"uv": [278, 207], "uv_size": [14, 3]},
								"up": {"uv": [124, 244], "uv_size": [14, 14]},
								"down": {"uv": [152, 258], "uv_size": [14, -14]}
							}
						}
					]
				},
				{
					"name": "turret_plane",
					"parent": "head",
					"pivot": [0, 42.199, -14.24078]
				},
				{
					"name": "left_tp",
					"parent": "turret_plane",
					"pivot": [-19, 42.199, -14.24078],
					"cubes": [
						{
							"origin": [-33, 39.449, -15.24078],
							"size": [13, 7, 32],
							"uv": {
								"north": {"uv": [66, 202], "uv_size": [13, 7]},
								"east": {"uv": [206, 248], "uv_size": [28, 7]},
								"south": {"uv": [270, 188], "uv_size": [13, 7]},
								"west": {"uv": [234, 248], "uv_size": [28, 7]},
								"up": {"uv": [66, 174], "uv_size": [13, 28]},
								"down": {"uv": [139, 250], "uv_size": [13, -28]}
							}
						}
					]
				},
				{
					"name": "left_pt",
					"parent": "turret_plane",
					"pivot": [0, 42.199, -14.24078],
					"cubes": [
						{
							"origin": [20, 39.449, 5.75922],
							"size": [13, 7, 11],
							"uv": {
								"north": {"uv": [180, 271], "uv_size": [13, 7]},
								"east": {"uv": [276, 143], "uv_size": [9, 7]},
								"south": {"uv": [272, 10], "uv_size": [13, 7]},
								"west": {"uv": [244, 276], "uv_size": [9, 7]},
								"up": {"uv": [261, 264], "uv_size": [13, 9]},
								"down": {"uv": [265, 96], "uv_size": [13, -9]}
							}
						},
						{
							"origin": [20, 39.449, -15.24078],
							"size": [13, 7, 15],
							"uv": {
								"north": {"uv": [272, 17], "uv_size": [13, 7]},
								"east": {"uv": [270, 74], "uv_size": [14, 7]},
								"south": {"uv": [102, 272], "uv_size": [13, 7]},
								"west": {"uv": [270, 181], "uv_size": [14, 7]},
								"up": {"uv": [92, 253], "uv_size": [13, 14]},
								"down": {"uv": [206, 269], "uv_size": [13, -14]}
							}
						}
					]
				},
				{
					"name": "turret_spaced_armor",
					"parent": "head",
					"pivot": [-0.11328, 7.25, -13.58026]
				},
				{
					"name": "turret_lamp",
					"parent": "turret_spaced_armor",
					"pivot": [1, 7.25, 16.75922],
					"cubes": [
						{
							"origin": [5.88672, 47.699, -25.24078],
							"size": [10, 10, 7],
							"uv": {
								"north": {"uv": [16, 266], "uv_size": [10, 10]},
								"east": {"uv": [134, 273], "uv_size": [7, 10]},
								"south": {"uv": [266, 143], "uv_size": [10, 10]},
								"west": {"uv": [274, 44], "uv_size": [7, 10]},
								"up": {"uv": [274, 54], "uv_size": [10, 7]},
								"down": {"uv": [274, 271], "uv_size": [10, -7]}
							}
						},
						{
							"origin": [6.88672, 47.699, -18.24078],
							"size": [1.75, 4, 1],
							"uv": {
								"north": {"uv": [178, 272], "uv_size": [2, 4]},
								"east": {"uv": [240, 139], "uv_size": [1, 4]},
								"south": {"uv": [24, 276], "uv_size": [2, 4]},
								"west": {"uv": [105, 258], "uv_size": [1, 4]},
								"up": {"uv": [209, 132], "uv_size": [2, 1]},
								"down": {"uv": [213, 137], "uv_size": [2, -1]}
							}
						}
					]
				},
				{
					"name": "barrel",
					"parent": "head",
					"pivot": [0, 41, -26]
				},
				{
					"name": "static_barrel",
					"parent": "barrel",
					"pivot": [-0.04684, 39.949, -77.74078],
					"rotation": [0, 0, -45],
					"cubes": [
						{
							"origin": [-1.50973, 38.40611, -57.24078],
							"size": [4.5, 4.5, 13],
							"uv": {
								"north": {"uv": [162, 281], "uv_size": [5, 5]},
								"east": {"uv": [270, 81], "uv_size": [13, 5]},
								"south": {"uv": [167, 281], "uv_size": [5, 5]},
								"west": {"uv": [275, 30], "uv_size": [13, 5]},
								"up": {"uv": [239, 268], "uv_size": [5, 13]},
								"down": {"uv": [214, 282], "uv_size": [5, -13]}
							}
						},
						{
							"origin": [-1.00973, 38.90611, -44.24078],
							"size": [3.5, 3.5, 28],
							"uv": {
								"north": {"uv": [162, 281], "uv_size": [5, 5]},
								"east": {"uv": [270, 81], "uv_size": [13, 5]},
								"south": {"uv": [167, 281], "uv_size": [5, 5]},
								"west": {"uv": [275, 30], "uv_size": [13, 5]},
								"up": {"uv": [239, 268], "uv_size": [5, 13]},
								"down": {"uv": [214, 282], "uv_size": [5, -13]}
							}
						}
					]
				},
				{
					"name": "suspension_barrel",
					"parent": "barrel",
					"pivot": [-0.00971, 41.00509, -74.02061],
					"cubes": [
						{
							"origin": [-1.70973, 39.30611, -103.24078],
							"size": [3.5, 3.5, 46],
							"pivot": [0.04027, 41.05611, -87.24078],
							"rotation": [0, 0, 45],
							"uv": {
								"north": {"uv": [162, 281], "uv_size": [5, 5]},
								"east": {"uv": [167, 229], "uv_size": [32, 4]},
								"south": {"uv": [167, 281], "uv_size": [5, 5]},
								"west": {"uv": [262, 246], "uv_size": [32, 4]},
								"up": {"uv": [83, 206], "uv_size": [-4, -32]},
								"down": {"uv": [42, 284], "uv_size": [-4, -32]}
							}
						}
					],
					"locators": {
						"nozzle": [-0.00323, 40.99865, -103.58026]
					}
				},
				{
					"name": "gun_blast",
					"parent": "suspension_barrel",
					"pivot": [-0.00323, 40.90545, -98.05416],
					"poly_mesh": {
						"normalized_uvs": true,
						"positions": [
							[-0.20723, 40.70356, -97.89606],
							[-0.20723, 41.11156, -97.89606],
							[0.20077, 41.11156, -97.89606],
							[0.20077, 40.70356, -97.89606],
							[-0.00323, 40.90756, -99.47706],
							[-0.20723, 40.89736, -98.26326],
							[-0.20723, 40.89736, -97.85526],
							[0.20077, 40.89736, -97.85526],
							[0.20077, 40.89736, -98.26326],
							[-0.00323, 41.86636, -98.05926],
							[0.20077, 40.90508, -97.85526],
							[-0.20723, 40.90508, -97.85526],
							[-0.20723, 40.90508, -98.26326],
							[0.20077, 40.90508, -98.26326],
							[-0.00323, 39.93608, -98.05926],
							[-0.203, 41.10734, -97.89606],
							[0.205, 41.10734, -97.89606],
							[0.205, 40.69934, -97.89606],
							[-0.203, 40.69934, -97.89606],
							[0.001, 40.90334, -99.47706],
							[-0.0092, 41.10734, -98.26326],
							[-0.0092, 41.10734, -97.85526],
							[-0.0092, 40.69934, -97.85526],
							[-0.0092, 40.69934, -98.26326],
							[0.9598, 40.90334, -98.05926],
							[-0.00148, 40.69934, -97.85526],
							[-0.00148, 41.10734, -97.85526],
							[-0.00148, 41.10734, -98.26326],
							[-0.00148, 40.69934, -98.26326],
							[-0.97048, 40.90334, -98.05926]
						],
						"normals": [
							[0.70711, -0.70711, 0],
							[0.70711, 0.70711, 0],
							[-0.70711, 0.70711, 0],
							[-0.70711, -0.70711, 0],
							[0, 0, -1],
							[0.70711, 0, -0.70711],
							[0.70711, 0, 0.70711],
							[-0.70711, 0, 0.70711],
							[-0.70711, 0, -0.70711],
							[0, 1, 0],
							[-0.70711, 0, 0.70711],
							[0.70711, 0, 0.70711],
							[0.70711, 0, -0.70711],
							[-0.70711, 0, -0.70711],
							[0, -1, 0],
							[0.70711, 0.70711, 0],
							[-0.70711, 0.70711, 0],
							[-0.70711, -0.70711, 0],
							[0.70711, -0.70711, 0],
							[0, 0.70711, -0.70711],
							[0, 0.70711, 0.70711],
							[0, -0.70711, 0.70711],
							[0, -0.70711, -0.70711],
							[-1, 0, 0],
							[0, -0.70711, 0.70711],
							[0, 0.70711, 0.70711],
							[0, 0.70711, -0.70711],
							[0, -0.70711, -0.70711],
							[1, 0, 0]
						],
						"uvs": [
							[0.15625, 0.5918],
							[0.15625, 0.59375],
							[0.1543, 0.59375],
							[0.1543, 0.5918],
							[0.38751, 0.54492],
							[0.38672, 0.54482],
							[0.38751, 0.54178]
						],
						"polys": [
							[
								[0, 0, 0],
								[1, 1, 1],
								[2, 2, 2],
								[3, 3, 3]
							],
							[
								[1, 1, 4],
								[0, 0, 5],
								[4, 4, 6],
								[1, 1, 4]
							],
							[
								[2, 2, 4],
								[1, 1, 5],
								[4, 4, 6],
								[2, 2, 4]
							],
							[
								[0, 0, 4],
								[3, 3, 5],
								[4, 4, 6],
								[0, 0, 4]
							],
							[
								[3, 3, 4],
								[2, 2, 5],
								[4, 4, 6],
								[3, 3, 4]
							],
							[
								[5, 5, 0],
								[6, 6, 1],
								[7, 7, 2],
								[8, 8, 3]
							],
							[
								[6, 6, 4],
								[5, 5, 5],
								[9, 9, 6],
								[6, 6, 4]
							],
							[
								[7, 7, 4],
								[6, 6, 5],
								[9, 9, 6],
								[7, 7, 4]
							],
							[
								[5, 5, 4],
								[8, 8, 5],
								[9, 9, 6],
								[5, 5, 4]
							],
							[
								[8, 8, 4],
								[7, 7, 5],
								[9, 9, 6],
								[8, 8, 4]
							],
							[
								[10, 10, 2],
								[11, 11, 1],
								[12, 12, 0],
								[13, 13, 3]
							],
							[
								[12, 12, 5],
								[11, 11, 4],
								[14, 14, 6],
								[12, 12, 5]
							],
							[
								[11, 11, 5],
								[10, 10, 4],
								[14, 14, 6],
								[11, 11, 5]
							],
							[
								[13, 13, 5],
								[12, 12, 4],
								[14, 14, 6],
								[13, 13, 5]
							],
							[
								[10, 10, 5],
								[13, 13, 4],
								[14, 14, 6],
								[10, 10, 5]
							],
							[
								[15, 15, 0],
								[16, 16, 1],
								[17, 17, 2],
								[18, 18, 3]
							],
							[
								[16, 16, 4],
								[15, 15, 5],
								[19, 4, 6],
								[16, 16, 4]
							],
							[
								[17, 17, 4],
								[16, 16, 5],
								[19, 4, 6],
								[17, 17, 4]
							],
							[
								[15, 15, 4],
								[18, 18, 5],
								[19, 4, 6],
								[15, 15, 4]
							],
							[
								[18, 18, 4],
								[17, 17, 5],
								[19, 4, 6],
								[18, 18, 4]
							],
							[
								[20, 19, 0],
								[21, 20, 1],
								[22, 21, 2],
								[23, 22, 3]
							],
							[
								[21, 20, 4],
								[20, 19, 5],
								[24, 23, 6],
								[21, 20, 4]
							],
							[
								[22, 21, 4],
								[21, 20, 5],
								[24, 23, 6],
								[22, 21, 4]
							],
							[
								[20, 19, 4],
								[23, 22, 5],
								[24, 23, 6],
								[20, 19, 4]
							],
							[
								[23, 22, 4],
								[22, 21, 5],
								[24, 23, 6],
								[23, 22, 4]
							],
							[
								[25, 24, 2],
								[26, 25, 1],
								[27, 26, 0],
								[28, 27, 3]
							],
							[
								[27, 26, 5],
								[26, 25, 4],
								[29, 28, 6],
								[27, 26, 5]
							],
							[
								[26, 25, 5],
								[25, 24, 4],
								[29, 28, 6],
								[26, 25, 5]
							],
							[
								[28, 27, 5],
								[27, 26, 4],
								[29, 28, 6],
								[28, 27, 5]
							],
							[
								[25, 24, 5],
								[28, 27, 4],
								[29, 28, 6],
								[25, 24, 5]
							]
						]
					}
				},
				{
					"name": "antenna",
					"parent": "head",
					"pivot": [1, 55.574, -1.01078],
					"cubes": [
						{
							"origin": [-14.5, 47.949, 16.58922],
							"size": [1, 1, 1],
							"uv": {
								"north": {"uv": [79, 206], "uv_size": [1, 1]},
								"east": {"uv": [79, 206], "uv_size": [1, 1]},
								"south": {"uv": [79, 206], "uv_size": [1, 1]},
								"west": {"uv": [79, 206], "uv_size": [1, 1]},
								"up": {"uv": [79, 206], "uv_size": [1, 1]},
								"down": {"uv": [79, 207], "uv_size": [1, -1]}
							}
						},
						{
							"origin": [-14.05, 48.949, 17.03922],
							"size": [0.1, 28.5, 0.1],
							"uv": {
								"north": {"uv": [83, 174], "uv_size": [1, 29]},
								"east": {"uv": [83, 174], "uv_size": [1, 29]},
								"south": {"uv": [83, 174], "uv_size": [1, 29]},
								"west": {"uv": [83, 174], "uv_size": [1, 29]},
								"up": {"uv": [79, 207], "uv_size": [1, 1]},
								"down": {"uv": [79, 208], "uv_size": [1, -1]}
							}
						},
						{
							"origin": [15.75, 48.699, -9.61078],
							"size": [1, 1, 1],
							"uv": {
								"north": {"uv": [79, 206], "uv_size": [1, 1]},
								"east": {"uv": [79, 206], "uv_size": [1, 1]},
								"south": {"uv": [79, 206], "uv_size": [1, 1]},
								"west": {"uv": [79, 206], "uv_size": [1, 1]},
								"up": {"uv": [79, 206], "uv_size": [1, 1]},
								"down": {"uv": [79, 207], "uv_size": [1, -1]}
							}
						},
						{
							"origin": [16.2, 49.699, -9.16078],
							"size": [0.1, 22.5, 0.1],
							"uv": {
								"north": {"uv": [7, 280], "uv_size": [1, 23]},
								"east": {"uv": [7, 280], "uv_size": [1, 23]},
								"south": {"uv": [7, 280], "uv_size": [1, 23]},
								"west": {"uv": [7, 280], "uv_size": [1, 23]},
								"up": {"uv": [79, 207], "uv_size": [1, 1]},
								"down": {"uv": [79, 208], "uv_size": [1, -1]}
							}
						}
					]
				},
				{
					"name": "other_components",
					"parent": "body",
					"pivot": [0, 2, -0.24078]
				},
				{
					"name": "gear_bridge",
					"parent": "other_components",
					"pivot": [0, 1, 2.25922],
					"cubes": [
						{
							"origin": [23, 14.5, -60.24078],
							"size": [7.5, 2.75, 2.75],
							"pivot": [5, 0.75, -21],
							"rotation": [0, 7.5, 0],
							"uv": {
								"north": {"uv": [123, 282], "uv_size": [6, 3]},
								"east": {"uv": [112, 283], "uv_size": [3, 3]},
								"south": {"uv": [204, 282], "uv_size": [6, 3]},
								"west": {"uv": [115, 283], "uv_size": [3, 3]},
								"up": {"uv": [210, 282], "uv_size": [6, 3]},
								"down": {"uv": [257, 285], "uv_size": [6, -3]}
							}
						},
						{
							"origin": [19, 8.75, 52.75922],
							"size": [5, 8.75, 9.75],
							"uv": {
								"north": {"uv": [64, 258], "uv_size": [5, 9]},
								"east": {"uv": [0, 271], "uv_size": [10, 9]},
								"south": {"uv": [278, 87], "uv_size": [5, 9]},
								"west": {"uv": [54, 272], "uv_size": [10, 9]},
								"up": {"uv": [78, 277], "uv_size": [5, 10]},
								"down": {"uv": [194, 287], "uv_size": [5, -10]}
							}
						},
						{
							"origin": [-23, 8.75, 52.75922],
							"size": [5, 8.75, 9.75],
							"uv": {
								"north": {"uv": [183, 278], "uv_size": [5, 9]},
								"east": {"uv": [115, 272], "uv_size": [10, 9]},
								"south": {"uv": [188, 278], "uv_size": [5, 9]},
								"west": {"uv": [164, 272], "uv_size": [10, 9]},
								"up": {"uv": [199, 277], "uv_size": [5, 10]},
								"down": {"uv": [178, 288], "uv_size": [5, -10]}
							}
						},
						{
							"origin": [17, 10.75, 54.75922],
							"size": [2, 4.75, 5.75],
							"uv": {
								"north": {"uv": [124, 239], "uv_size": [2, 5]},
								"east": {"uv": [199, 229], "uv_size": [6, 5]},
								"south": {"uv": [136, 258], "uv_size": [2, 5]},
								"west": {"uv": [12, 240], "uv_size": [6, 5]},
								"up": {"uv": [205, 229], "uv_size": [2, 6]},
								"down": {"uv": [54, 246], "uv_size": [2, -6]}
							}
						},
						{
							"origin": [-18, 10.75, 54.75922],
							"size": [2, 4.75, 5.75],
							"uv": {
								"north": {"uv": [118, 262], "uv_size": [2, 5]},
								"east": {"uv": [251, 237], "uv_size": [6, 5]},
								"south": {"uv": [118, 267], "uv_size": [2, 5]},
								"west": {"uv": [130, 258], "uv_size": [6, 5]},
								"up": {"uv": [54, 246], "uv_size": [2, 6]},
								"down": {"uv": [54, 258], "uv_size": [2, -6]}
							}
						},
						{
							"origin": [-25, 14.25, -60.24078],
							"size": [3, 3.75, 6.75],
							"pivot": [-5, 1, -22],
							"rotation": [0, -5, 0],
							"uv": {
								"north": {"uv": [102, 267], "uv_size": [3, 4]},
								"east": {"uv": [267, 279], "uv_size": [7, 4]},
								"south": {"uv": [164, 267], "uv_size": [3, 4]},
								"west": {"uv": [274, 279], "uv_size": [7, 4]},
								"up": {"uv": [80, 206], "uv_size": [3, 7]},
								"down": {"uv": [106, 243], "uv_size": [3, -7]}
							}
						},
						{
							"origin": [22, 14.25, -60.24078],
							"size": [3, 3.75, 6.75],
							"pivot": [5, 1, -22],
							"rotation": [0, 5, 0],
							"uv": {
								"north": {"uv": [141, 273], "uv_size": [3, 4]},
								"east": {"uv": [0, 280], "uv_size": [7, 4]},
								"south": {"uv": [51, 275], "uv_size": [3, 4]},
								"west": {"uv": [280, 163], "uv_size": [7, 4]},
								"up": {"uv": [120, 248], "uv_size": [3, 7]},
								"down": {"uv": [26, 273], "uv_size": [3, -7]}
							}
						},
						{
							"origin": [-30.5, 14.5, -60.24078],
							"size": [7.5, 2.75, 2.75],
							"pivot": [-5, 0.75, -21],
							"rotation": [0, -7.5, 0],
							"uv": {
								"north": {"uv": [129, 282], "uv_size": [-6, 3]},
								"east": {"uv": [118, 283], "uv_size": [-3, 3]},
								"south": {"uv": [210, 282], "uv_size": [-6, 3]},
								"west": {"uv": [115, 283], "uv_size": [-3, 3]},
								"up": {"uv": [216, 282], "uv_size": [-6, 3]},
								"down": {"uv": [263, 285], "uv_size": [-6, -3]}
							}
						}
					]
				},
				{
					"name": "lamp",
					"parent": "other_components",
					"pivot": [0, 2, -0.24078],
					"cubes": [
						{
							"origin": [-12.74, 20.36862, -59.69621],
							"size": [6, 6, 3],
							"uv": {
								"north": {"uv": [240, 281], "uv_size": [4, 4]},
								"east": {"uv": [106, 282], "uv_size": [3, 4]},
								"south": {"uv": [129, 282], "uv_size": [4, 4]},
								"west": {"uv": [216, 282], "uv_size": [3, 4]},
								"up": {"uv": [8, 240], "uv_size": [4, 3]},
								"down": {"uv": [120, 258], "uv_size": [4, -3]}
							}
						},
						{
							"origin": [7.76, 20.36862, -59.69621],
							"size": [6, 6, 3],
							"uv": {
								"north": {"uv": [263, 282], "uv_size": [4, 4]},
								"east": {"uv": [59, 283], "uv_size": [3, 4]},
								"south": {"uv": [33, 283], "uv_size": [4, 4]},
								"west": {"uv": [283, 81], "uv_size": [3, 4]},
								"up": {"uv": [257, 276], "uv_size": [4, 3]},
								"down": {"uv": [283, 90], "uv_size": [4, -3]}
							}
						}
					]
				},
				{
					"name": "exhaust",
					"parent": "other_components",
					"pivot": [0, 2, -0.24078]
				},
				{
					"name": "left_exhaust",
					"parent": "exhaust",
					"pivot": [27, 31, 32.41974],
					"cubes": [
						{
							"origin": [21, 28.5, 40.41974],
							"size": [8, 5, 21],
							"uv": {
								"north": {"uv": [72, 209], "uv_size": [8, 5]},
								"east": {"uv": [262, 250], "uv_size": [21, 5]},
								"south": {"uv": [209, 138], "uv_size": [8, 5]},
								"west": {"uv": [263, 228], "uv_size": [21, 5]},
								"up": {"uv": [245, 255], "uv_size": [8, 21]},
								"down": {"uv": [253, 276], "uv_size": [8, -21]}
							}
						},
						{
							"origin": [21, 28.5, 25.41974],
							"size": [4, 4, 15],
							"uv": {
								"north": {"uv": [283, 35], "uv_size": [4, 4]},
								"east": {"uv": [265, 163], "uv_size": [15, 4]},
								"south": {"uv": [283, 39], "uv_size": [4, 4]},
								"west": {"uv": [276, 150], "uv_size": [15, 4]},
								"up": {"uv": [174, 272], "uv_size": [4, 15]},
								"down": {"uv": [253, 291], "uv_size": [4, -15]}
							}
						},
						{
							"origin": [26.5, 30.5, 61.41974],
							"size": [2, 0.5, 3],
							"uv": {
								"north": {"uv": [213, 137], "uv_size": [2, 1]},
								"east": {"uv": [209, 133], "uv_size": [3, 1]},
								"south": {"uv": [219, 142], "uv_size": [2, 1]},
								"west": {"uv": [80, 213], "uv_size": [3, 1]},
								"up": {"uv": [217, 140], "uv_size": [2, 3]},
								"down": {"uv": [66, 236], "uv_size": [2, -3]}
							}
						}
					]
				},
				{
					"name": "right_exhaust",
					"parent": "exhaust",
					"pivot": [-27, 31, 32.41974],
					"cubes": [
						{
							"origin": [-29, 28.5, 40.41974],
							"size": [8, 5, 21],
							"uv": {
								"north": {"uv": [80, 209], "uv_size": [-8, 5]},
								"east": {"uv": [284, 228], "uv_size": [-21, 5]},
								"south": {"uv": [217, 138], "uv_size": [-8, 5]},
								"west": {"uv": [283, 250], "uv_size": [-21, 5]},
								"up": {"uv": [245, 276], "uv_size": [8, -21]},
								"down": {"uv": [253, 276], "uv_size": [8, -21]}
							}
						},
						{
							"origin": [-25, 28.5, 25.41974],
							"size": [4, 4, 15],
							"uv": {
								"north": {"uv": [287, 35], "uv_size": [-4, 4]},
								"east": {"uv": [291, 150], "uv_size": [-15, 4]},
								"south": {"uv": [287, 39], "uv_size": [-4, 4]},
								"west": {"uv": [280, 163], "uv_size": [-15, 4]},
								"up": {"uv": [174, 287], "uv_size": [4, -15]},
								"down": {"uv": [253, 291], "uv_size": [4, -15]}
							}
						},
						{
							"origin": [-28.5, 30.5, 61.41974],
							"size": [2, 0.5, 3],
							"uv": {
								"north": {"uv": [215, 137], "uv_size": [-2, 1]},
								"east": {"uv": [83, 213], "uv_size": [-3, 1]},
								"south": {"uv": [221, 142], "uv_size": [-2, 1]},
								"west": {"uv": [212, 133], "uv_size": [-3, 1]},
								"up": {"uv": [217, 143], "uv_size": [2, -3]},
								"down": {"uv": [66, 236], "uv_size": [2, -3]}
							}
						}
					]
				},
				{
					"name": "spaced_armor",
					"parent": "body",
					"pivot": [-37, 13, -17.58026],
					"cubes": [
						{
							"origin": [7, 31.5, -42.58026],
							"size": [13, 2.25, 13],
							"uv": {
								"north": {"uv": [51, 281], "uv_size": [13, 2]},
								"east": {"uv": [282, 173], "uv_size": [13, 2]},
								"south": {"uv": [282, 175], "uv_size": [13, 2]},
								"west": {"uv": [282, 177], "uv_size": [13, 2]},
								"up": {"uv": [219, 255], "uv_size": [13, 13]},
								"down": {"uv": [232, 268], "uv_size": [13, -13]}
							}
						}
					]
				},
				{
					"name": "left_side",
					"parent": "spaced_armor",
					"pivot": [37, 13, -17.58026],
					"cubes": [
						{
							"origin": [35, 19, 19.66974],
							"size": [1, 9.5, 22.75],
							"inflate": -0.001,
							"uv": {
								"north": {"uv": [152, 234], "uv_size": [1, 10]},
								"east": {"uv": [247, 181], "uv_size": [23, 10]},
								"south": {"uv": [109, 283], "uv_size": [1, 10]},
								"west": {"uv": [247, 191], "uv_size": [23, 10]},
								"up": {"uv": [8, 280], "uv_size": [1, 23]},
								"down": {"uv": [9, 303], "uv_size": [1, -23]}
							}
						},
						{
							"origin": [35, 24, -59.83026],
							"size": [1, 4.5, 122.25],
							"inflate": 0.001,
							"uv": {
								"north": {"uv": [123, 248], "uv_size": [1, 5]},
								"east": {"uv": [209, 64], "uv_size": [122, 5]},
								"south": {"uv": [105, 253], "uv_size": [1, 5]},
								"west": {"uv": [209, 69], "uv_size": [122, 5]},
								"up": {"uv": [42, 252], "uv_size": [1, 122]},
								"down": {"uv": [15, 375], "uv_size": [1, -122]}
							}
						},
						{
							"origin": [35, 12.5, -59.08026],
							"size": [1, 12, 72.75],
							"inflate": -0.001,
							"uv": {
								"north": {"uv": [152, 222], "uv_size": [1, 12]},
								"east": {"uv": [167, 158], "uv_size": [73, 12]},
								"south": {"uv": [124, 225], "uv_size": [1, 12]},
								"west": {"uv": [167, 170], "uv_size": [73, 12]},
								"up": {"uv": [11, 257], "uv_size": [1, 73]},
								"down": {"uv": [12, 330], "uv_size": [1, -73]}
							}
						},
						{
							"origin": [35, 17, -4.58026],
							"size": [1, 11.5, 24.5],
							"inflate": -0.001,
							"uv": {
								"north": {"uv": [166, 244], "uv_size": [1, 12]},
								"east": {"uv": [18, 240], "uv_size": [25, 12]},
								"south": {"uv": [172, 281], "uv_size": [1, 12]},
								"west": {"uv": [240, 155], "uv_size": [25, 12]},
								"up": {"uv": [125, 214], "uv_size": [1, 25]},
								"down": {"uv": [83, 302], "uv_size": [1, -25]}
							}
						},
						{
							"origin": [21, 18.5, -69.08026],
							"size": [1.25, 6, 10.999],
							"uv": {
								"north": {"uv": [109, 236], "uv_size": [1, 6]},
								"east": {"uv": [275, 24], "uv_size": [11, 6]},
								"south": {"uv": [138, 244], "uv_size": [1, 6]},
								"west": {"uv": [26, 275], "uv_size": [11, 6]},
								"up": {"uv": [83, 203], "uv_size": [1, 11]},
								"down": {"uv": [173, 292], "uv_size": [1, -11]}
							}
						},
						{
							"origin": [21, 18.5, -59.82926],
							"size": [1.25, 10, 122.249],
							"inflate": 0.001,
							"uv": {
								"north": {"uv": [110, 283], "uv_size": [1, 10]},
								"east": {"uv": [153, 24], "uv_size": [122, 10]},
								"south": {"uv": [111, 283], "uv_size": [1, 10]},
								"west": {"uv": [153, 34], "uv_size": [122, 10]},
								"up": {"uv": [14, 255], "uv_size": [1, 122]},
								"down": {"uv": [10, 379], "uv_size": [1, -122]}
							}
						}
					]
				},
				{
					"name": "right_spaced_armor_track3",
					"parent": "left_side",
					"pivot": [36.5, 15.22568, -53.70957],
					"rotation": [-42.5, 0, 0],
					"cubes": [
						{
							"origin": [35, 9.60068, -67.20957],
							"size": [1, 11.25, 11.4],
							"inflate": -0.01,
							"uv": {
								"north": {"uv": [133, 282], "uv_size": [1, 11]},
								"east": {"uv": [114, 214], "uv_size": [11, 11]},
								"south": {"uv": [37, 283], "uv_size": [1, 11]},
								"west": {"uv": [43, 264], "uv_size": [11, 11]},
								"up": {"uv": [62, 283], "uv_size": [1, 11]},
								"down": {"uv": [63, 294], "uv_size": [1, -11]}
							}
						}
					]
				},
				{
					"name": "left_top",
					"parent": "left_side",
					"pivot": [0, 2, -17.58026],
					"cubes": [
						{
							"origin": [22.25, 27.5, -59.83026],
							"size": [13, 1, 122.25],
							"uv": {
								"north": {"uv": [209, 157], "uv_size": [13, 1]},
								"east": {"uv": [249, 130], "uv_size": [122, 1]},
								"south": {"uv": [223, 128], "uv_size": [13, 1]},
								"west": {"uv": [255, 86], "uv_size": [122, 1]},
								"up": {"uv": [126, 0], "uv_size": [13, 122]},
								"down": {"uv": [126, 244], "uv_size": [13, -122]}
							}
						}
					]
				},
				{
					"name": "left_top_back",
					"parent": "left_top",
					"pivot": [28.5, 27.90267, 43.00776],
					"rotation": [-22.5, 0, 0],
					"cubes": [
						{
							"origin": [21, 26.8883, 60.76259],
							"size": [15, 9, 9],
							"inflate": 0.01,
							"uv": {
								"north": {"uv": [257, 14], "uv_size": [15, 9]},
								"east": {"uv": [272, 237], "uv_size": [9, 9]},
								"south": {"uv": [257, 237], "uv_size": [15, 9]},
								"west": {"uv": [125, 273], "uv_size": [9, 9]},
								"up": {"uv": [152, 258], "uv_size": [15, 9]},
								"down": {"uv": [261, 264], "uv_size": [15, -9]}
							}
						}
					]
				},
				{
					"name": "left_top_front",
					"parent": "left_top",
					"pivot": [28.5, 27.11566, -60.79933],
					"rotation": [20, 0, 0],
					"cubes": [
						{
							"origin": [21, 22.61566, -71.17433],
							"size": [15, 5.5, 11.75],
							"inflate": 0.01,
							"uv": {
								"north": {"uv": [264, 219], "uv_size": [15, 6]},
								"east": {"uv": [261, 273], "uv_size": [12, 6]},
								"south": {"uv": [270, 195], "uv_size": [15, 6]},
								"west": {"uv": [273, 273], "uv_size": [12, 6]},
								"up": {"uv": [251, 143], "uv_size": [15, 12]},
								"down": {"uv": [255, 86], "uv_size": [15, -12]}
							}
						}
					]
				},
				{
					"name": "right_spaced_armor_track4",
					"parent": "left_side",
					"pivot": [35.5, 24.54612, 44.24543],
					"rotation": [12.5, 0, 0],
					"cubes": [
						{
							"origin": [35, 19.45415, 11.57797],
							"size": [1, 4.99994, 51.25],
							"inflate": 0.01,
							"uv": {
								"north": {"uv": [69, 258], "uv_size": [1, 5]},
								"east": {"uv": [241, 138], "uv_size": [51, 5]},
								"south": {"uv": [194, 262], "uv_size": [1, 5]},
								"west": {"uv": [206, 243], "uv_size": [51, 5]},
								"up": {"uv": [13, 257], "uv_size": [1, 51]},
								"down": {"uv": [193, 322], "uv_size": [1, -51]}
							}
						}
					]
				},
				{
					"name": "left_composite_armor",
					"parent": "left_side",
					"pivot": [37, 34, -42.58026],
					"cubes": [
						{
							"origin": [22, 28.5, -42.83026],
							"size": [13, 3, 57.5],
							"uv": {
								"north": {"uv": [278, 210], "uv_size": [13, 3]},
								"east": {"uv": [247, 225], "uv_size": [58, 3]},
								"south": {"uv": [278, 213], "uv_size": [13, 3]},
								"west": {"uv": [248, 131], "uv_size": [58, 3]},
								"up": {"uv": [0, 174], "uv_size": [13, 58]},
								"down": {"uv": [13, 232], "uv_size": [13, -58]}
							}
						}
					]
				},
				{
					"name": "right_side",
					"parent": "spaced_armor",
					"pivot": [-37, 13, -17.58026],
					"cubes": [
						{
							"origin": [-36, 19, 19.66974],
							"size": [1, 9.5, 22.75],
							"inflate": -0.001,
							"uv": {
								"north": {"uv": [153, 234], "uv_size": [-1, 10]},
								"east": {"uv": [270, 191], "uv_size": [-23, 10]},
								"south": {"uv": [110, 283], "uv_size": [-1, 10]},
								"west": {"uv": [270, 181], "uv_size": [-23, 10]},
								"up": {"uv": [9, 280], "uv_size": [-1, 23]},
								"down": {"uv": [10, 303], "uv_size": [-1, -23]}
							}
						},
						{
							"origin": [-36, 24, -59.83026],
							"size": [1, 4.5, 122.25],
							"inflate": 0.001,
							"uv": {
								"north": {"uv": [124, 248], "uv_size": [-1, 5]},
								"east": {"uv": [331, 69], "uv_size": [-122, 5]},
								"south": {"uv": [106, 253], "uv_size": [-1, 5]},
								"west": {"uv": [331, 64], "uv_size": [-122, 5]},
								"up": {"uv": [43, 252], "uv_size": [-1, 122]},
								"down": {"uv": [16, 375], "uv_size": [-1, -122]}
							}
						},
						{
							"origin": [-36, 12.5, -59.08026],
							"size": [1, 12, 72.75],
							"inflate": -0.001,
							"uv": {
								"north": {"uv": [153, 222], "uv_size": [-1, 12]},
								"east": {"uv": [240, 170], "uv_size": [-73, 12]},
								"south": {"uv": [125, 225], "uv_size": [-1, 12]},
								"west": {"uv": [240, 158], "uv_size": [-73, 12]},
								"up": {"uv": [12, 257], "uv_size": [-1, 73]},
								"down": {"uv": [13, 330], "uv_size": [-1, -73]}
							}
						},
						{
							"origin": [-36, 17, -4.58026],
							"size": [1, 11.5, 24.5],
							"inflate": -0.001,
							"uv": {
								"north": {"uv": [167, 244], "uv_size": [-1, 12]},
								"east": {"uv": [265, 155], "uv_size": [-25, 12]},
								"south": {"uv": [173, 281], "uv_size": [-1, 12]},
								"west": {"uv": [43, 240], "uv_size": [-25, 12]},
								"up": {"uv": [126, 214], "uv_size": [-1, 25]},
								"down": {"uv": [84, 302], "uv_size": [-1, -25]}
							}
						},
						{
							"origin": [-22.25, 18.5, -69.08026],
							"size": [1.25, 6, 10.999],
							"uv": {
								"north": {"uv": [110, 236], "uv_size": [-1, 6]},
								"east": {"uv": [37, 275], "uv_size": [-11, 6]},
								"south": {"uv": [139, 244], "uv_size": [-1, 6]},
								"west": {"uv": [286, 24], "uv_size": [-11, 6]},
								"up": {"uv": [84, 203], "uv_size": [-1, 11]},
								"down": {"uv": [174, 292], "uv_size": [-1, -11]}
							}
						},
						{
							"origin": [-22.25, 18.5, -59.82926],
							"size": [1.25, 10, 122.249],
							"inflate": 0.001,
							"uv": {
								"north": {"uv": [111, 283], "uv_size": [-1, 10]},
								"east": {"uv": [275, 34], "uv_size": [-122, 10]},
								"south": {"uv": [112, 283], "uv_size": [-1, 10]},
								"west": {"uv": [275, 24], "uv_size": [-122, 10]},
								"up": {"uv": [15, 255], "uv_size": [-1, 122]},
								"down": {"uv": [11, 379], "uv_size": [-1, -122]}
							}
						}
					]
				},
				{
					"name": "left_spaced_armor_track3",
					"parent": "right_side",
					"pivot": [-36.5, 15.22568, -53.70957],
					"rotation": [-42.5, 0, 0],
					"cubes": [
						{
							"origin": [-36, 9.60068, -67.20957],
							"size": [1, 11.25, 11.4],
							"inflate": -0.01,
							"uv": {
								"north": {"uv": [134, 282], "uv_size": [-1, 11]},
								"east": {"uv": [54, 264], "uv_size": [-11, 11]},
								"south": {"uv": [38, 283], "uv_size": [-1, 11]},
								"west": {"uv": [125, 214], "uv_size": [-11, 11]},
								"up": {"uv": [63, 283], "uv_size": [-1, 11]},
								"down": {"uv": [64, 294], "uv_size": [-1, -11]}
							}
						}
					]
				},
				{
					"name": "right_top",
					"parent": "right_side",
					"pivot": [0, 2, -17.58026],
					"cubes": [
						{
							"origin": [-35.25, 27.5, -59.83026],
							"size": [13, 1, 122.25],
							"uv": {
								"north": {"uv": [222, 157], "uv_size": [-13, 1]},
								"east": {"uv": [377, 86], "uv_size": [-122, 1]},
								"south": {"uv": [236, 128], "uv_size": [-13, 1]},
								"west": {"uv": [371, 130], "uv_size": [-122, 1]},
								"up": {"uv": [139, 0], "uv_size": [-13, 122]},
								"down": {"uv": [139, 244], "uv_size": [-13, -122]}
							}
						}
					]
				},
				{
					"name": "right_top_back",
					"parent": "right_top",
					"pivot": [-28.5, 27.90267, 43.00776],
					"rotation": [-22.5, 0, 0],
					"cubes": [
						{
							"origin": [-36, 26.8883, 60.76259],
							"size": [15, 9, 9],
							"inflate": 0.01,
							"uv": {
								"north": {"uv": [272, 14], "uv_size": [-15, 9]},
								"east": {"uv": [134, 273], "uv_size": [-9, 9]},
								"south": {"uv": [272, 237], "uv_size": [-15, 9]},
								"west": {"uv": [281, 237], "uv_size": [-9, 9]},
								"up": {"uv": [167, 258], "uv_size": [-15, 9]},
								"down": {"uv": [276, 264], "uv_size": [-15, -9]}
							}
						}
					]
				},
				{
					"name": "right_top_front",
					"parent": "right_top",
					"pivot": [-28.5, 27.11566, -60.79933],
					"rotation": [20, 0, 0],
					"cubes": [
						{
							"origin": [-36, 22.61566, -71.17433],
							"size": [15, 5.5, 11.75],
							"inflate": 0.01,
							"uv": {
								"north": {"uv": [279, 219], "uv_size": [-15, 6]},
								"east": {"uv": [285, 273], "uv_size": [-12, 6]},
								"south": {"uv": [285, 195], "uv_size": [-15, 6]},
								"west": {"uv": [273, 273], "uv_size": [-12, 6]},
								"up": {"uv": [266, 143], "uv_size": [-15, 12]},
								"down": {"uv": [270, 86], "uv_size": [-15, -12]}
							}
						}
					]
				},
				{
					"name": "left_spaced_armor_track4",
					"parent": "right_side",
					"pivot": [-35.5, 24.54612, 44.24543],
					"rotation": [12.5, 0, 0],
					"cubes": [
						{
							"origin": [-36, 19.45415, 11.57797],
							"size": [1, 4.99994, 51.25],
							"inflate": 0.01,
							"uv": {
								"north": {"uv": [70, 258], "uv_size": [-1, 5]},
								"east": {"uv": [257, 243], "uv_size": [-51, 5]},
								"south": {"uv": [195, 262], "uv_size": [-1, 5]},
								"west": {"uv": [292, 138], "uv_size": [-51, 5]},
								"up": {"uv": [14, 257], "uv_size": [-1, 51]},
								"down": {"uv": [194, 322], "uv_size": [-1, -51]}
							}
						}
					]
				},
				{
					"name": "right_composite_armor",
					"parent": "right_side",
					"pivot": [-37, 34, -42.58026],
					"cubes": [
						{
							"origin": [-35, 28.5, -42.83026],
							"size": [13, 3, 57.5],
							"uv": {
								"north": {"uv": [291, 210], "uv_size": [-13, 3]},
								"east": {"uv": [306, 131], "uv_size": [-58, 3]},
								"south": {"uv": [291, 213], "uv_size": [-13, 3]},
								"west": {"uv": [305, 225], "uv_size": [-58, 3]},
								"up": {"uv": [13, 174], "uv_size": [-13, 58]},
								"down": {"uv": [26, 232], "uv_size": [-13, -58]}
							}
						}
					]
				},
				{
					"name": "track",
					"pivot": [0, 1, -22]
				},
				{
					"name": "right_track",
					"parent": "track",
					"pivot": [-3.25, -1.5, -20.24078]
				},
				{
					"name": "right_gear_back",
					"parent": "right_track",
					"pivot": [26.76517, 13.55131, 58.44139],
					"cubes": [
						{
							"origin": [-33.49295, 8.59579, 53.14692],
							"size": [10, 10, 10],
							"uv": {
								"north": {"uv": [267, 0], "uv_size": [10, 10]},
								"east": {"uv": [64, 267], "uv_size": [10, 10]},
								"south": {"uv": [74, 267], "uv_size": [10, 10]},
								"west": {"uv": [92, 267], "uv_size": [10, 10]},
								"up": {"uv": [144, 267], "uv_size": [10, 10]},
								"down": {"uv": [154, 277], "uv_size": [10, -10]}
							}
						},
						{
							"origin": [-33.49295, 8.59579, 53.14692],
							"size": [10, 10, 10],
							"inflate": -0.01,
							"pivot": [-28.49295, 13.59579, 58.14692],
							"rotation": [45, 0, 0],
							"uv": {
								"north": {"uv": [194, 267], "uv_size": [10, 10]},
								"east": {"uv": [219, 268], "uv_size": [10, 10]},
								"south": {"uv": [229, 268], "uv_size": [10, 10]},
								"west": {"uv": [269, 96], "uv_size": [10, 10]},
								"up": {"uv": [269, 106], "uv_size": [10, 10]},
								"down": {"uv": [204, 279], "uv_size": [10, -10]}
							}
						}
					]
				},
				{
					"name": "right_gear_front",
					"parent": "right_track",
					"pivot": [26.7652, 15.5958, -61.85308],
					"cubes": [
						{
							"origin": [-32.03738, 11.59579, -65.85308],
							"size": [6.54443, 8, 8],
							"uv": {
								"north": {"uv": [276, 255], "uv_size": [7, 8]},
								"east": {"uv": [275, 35], "uv_size": [8, 8]},
								"south": {"uv": [277, 0], "uv_size": [7, 8]},
								"west": {"uv": [43, 275], "uv_size": [8, 8]},
								"up": {"uv": [64, 277], "uv_size": [7, 8]},
								"down": {"uv": [71, 285], "uv_size": [7, -8]}
							}
						},
						{
							"origin": [-32.03738, 11.59579, -65.85308],
							"size": [6.54443, 8, 8],
							"inflate": -0.01,
							"pivot": [-28.76516, 15.59579, -61.85308],
							"rotation": [45, 0, 0],
							"uv": {
								"north": {"uv": [92, 277], "uv_size": [7, 8]},
								"east": {"uv": [16, 276], "uv_size": [8, 8]},
								"south": {"uv": [141, 277], "uv_size": [7, 8]},
								"west": {"uv": [84, 276], "uv_size": [8, 8]},
								"up": {"uv": [148, 277], "uv_size": [7, 8]},
								"down": {"uv": [155, 285], "uv_size": [7, -8]}
							}
						}
					]
				},
				{
					"name": "right_track_buffer",
					"parent": "right_track",
					"pivot": [26.49295, 18.51, 30.64692]
				},
				{
					"name": "right_tb1",
					"parent": "right_track_buffer",
					"pivot": [26.49295, 18.51, 33.14692],
					"rotation": [45, 0, 0],
					"cubes": [
						{
							"origin": [-33.49295, 17.01, 31.64692],
							"size": [10, 3, 3],
							"uv": {
								"north": {"uv": [56, 233], "uv_size": [10, 3]},
								"east": {"uv": [118, 283], "uv_size": [3, 3]},
								"south": {"uv": [278, 216], "uv_size": [10, 3]},
								"west": {"uv": [134, 283], "uv_size": [3, 3]},
								"up": {"uv": [219, 278], "uv_size": [10, 3]},
								"down": {"uv": [229, 281], "uv_size": [10, -3]}
							}
						}
					]
				},
				{
					"name": "left_tb",
					"parent": "right_track_buffer",
					"pivot": [26.49295, 19.01, 16.39692],
					"rotation": [45, 0, 0],
					"cubes": [
						{
							"origin": [-33.49295, 17.51, 14.89692],
							"size": [10, 3, 3],
							"uv": {
								"north": {"uv": [279, 96], "uv_size": [10, 3]},
								"east": {"uv": [137, 283], "uv_size": [3, 3]},
								"south": {"uv": [99, 279], "uv_size": [10, 3]},
								"west": {"uv": [283, 188], "uv_size": [3, 3]},
								"up": {"uv": [279, 99], "uv_size": [10, 3]},
								"down": {"uv": [279, 105], "uv_size": [10, -3]}
							}
						}
					]
				},
				{
					"name": "right_tb3",
					"parent": "right_track_buffer",
					"pivot": [26.49295, 19.26, -0.60308],
					"rotation": [45, 0, 0],
					"cubes": [
						{
							"origin": [-33.49295, 17.76, -2.10308],
							"size": [10, 3, 3],
							"uv": {
								"north": {"uv": [279, 105], "uv_size": [10, 3]},
								"east": {"uv": [283, 191], "uv_size": [3, 3]},
								"south": {"uv": [279, 108], "uv_size": [10, 3]},
								"west": {"uv": [219, 283], "uv_size": [3, 3]},
								"up": {"uv": [279, 111], "uv_size": [10, 3]},
								"down": {"uv": [279, 121], "uv_size": [10, -3]}
							}
						}
					]
				},
				{
					"name": "right_tb4",
					"parent": "right_track_buffer",
					"pivot": [26.49295, 19.26, -19.35308],
					"rotation": [45, 0, 0],
					"cubes": [
						{
							"origin": [-33.49295, 17.76, -20.85308],
							"size": [10, 3, 3],
							"uv": {
								"north": {"uv": [279, 121], "uv_size": [10, 3]},
								"east": {"uv": [222, 283], "uv_size": [3, 3]},
								"south": {"uv": [279, 154], "uv_size": [10, 3]},
								"west": {"uv": [225, 283], "uv_size": [3, 3]},
								"up": {"uv": [279, 157], "uv_size": [10, 3]},
								"down": {"uv": [279, 163], "uv_size": [10, -3]}
							}
						}
					]
				},
				{
					"name": "right_tb5",
					"parent": "right_track_buffer",
					"pivot": [26.49295, 19.26, -37.35308],
					"rotation": [45, 0, 0],
					"cubes": [
						{
							"origin": [-33.49295, 17.76, -38.85308],
							"size": [10, 3, 3],
							"uv": {
								"north": {"uv": [204, 279], "uv_size": [10, 3]},
								"east": {"uv": [228, 283], "uv_size": [3, 3]},
								"south": {"uv": [279, 219], "uv_size": [10, 3]},
								"west": {"uv": [244, 283], "uv_size": [3, 3]},
								"up": {"uv": [279, 222], "uv_size": [10, 3]},
								"down": {"uv": [257, 282], "uv_size": [10, -3]}
							}
						}
					]
				},
				{
					"name": "right_track_steels",
					"parent": "right_track",
					"pivot": [26.49295, 21.34579, -38.10308]
				},
				{
					"name": "right_ts1",
					"parent": "right_track_steels",
					"pivot": [26.49295, 20.34579, -15.10308],
					"cubes": [
						{
							"origin": [-35.49295, 21.59579, -62.35308],
							"size": [14, 2, 79.25],
							"uv": {
								"north": {"uv": [277, 8], "uv_size": [14, 2]},
								"east": {"uv": [249, 128], "uv_size": [79, 2]},
								"south": {"uv": [279, 114], "uv_size": [14, 2]},
								"west": {"uv": [251, 235], "uv_size": [79, 2]},
								"up": {"uv": [153, 44], "uv_size": [14, 79]},
								"down": {"uv": [153, 202], "uv_size": [14, -79]}
							}
						}
					]
				},
				{
					"name": "left_ts",
					"parent": "right_track_steels",
					"pivot": [26.49295, 22.45314, 17.64077],
					"rotation": [-1.9, 0, 0],
					"cubes": [
						{
							"origin": [-35.49295, 21.58162, 16.89569],
							"size": [14, 2, 42],
							"uv": {
								"north": {"uv": [279, 124], "uv_size": [14, 2]},
								"east": {"uv": [263, 233], "uv_size": [42, 2]},
								"south": {"uv": [24, 281], "uv_size": [14, 2]},
								"west": {"uv": [265, 126], "uv_size": [42, 2]},
								"up": {"uv": [153, 202], "uv_size": [14, 42]},
								"down": {"uv": [209, 129], "uv_size": [14, -42]}
							}
						}
					]
				},
				{
					"name": "right_ts3",
					"parent": "right_track_steels",
					"pivot": [-28.49295, 20.22142, 62.87868],
					"rotation": [-21, 0, 0],
					"cubes": [
						{
							"origin": [-35.49295, 19.47142, 58.50368],
							"size": [14, 2, 9],
							"inflate": -0.001,
							"pivot": [-28.49295, 20.22142, 67.87868],
							"rotation": [5, 0, 0],
							"uv": {
								"north": {"uv": [281, 43], "uv_size": [14, 2]},
								"east": {"uv": [189, 233], "uv_size": [9, 2]},
								"south": {"uv": [281, 45], "uv_size": [14, 2]},
								"west": {"uv": [266, 153], "uv_size": [9, 2]},
								"up": {"uv": [180, 262], "uv_size": [14, 9]},
								"down": {"uv": [130, 273], "uv_size": [14, -9]}
							}
						}
					]
				},
				{
					"name": "right_ts4",
					"parent": "right_track_steels",
					"pivot": [26.49295, 14.93682, 66.58026],
					"rotation": [90, 0, 0],
					"cubes": [
						{
							"origin": [-35.49295, 13.93682, 57.33026],
							"size": [14, 2, 13.75],
							"inflate": 0.001,
							"uv": {
								"north": {"uv": [281, 47], "uv_size": [14, 2]},
								"east": {"uv": [281, 49], "uv_size": [14, 2]},
								"south": {"uv": [281, 51], "uv_size": [14, 2]},
								"west": {"uv": [109, 281], "uv_size": [14, 2]},
								"up": {"uv": [106, 248], "uv_size": [14, 14]},
								"down": {"uv": [138, 264], "uv_size": [14, -14]}
							}
						}
					]
				},
				{
					"name": "right_ts5",
					"parent": "right_track_steels",
					"pivot": [26.49295, 3.15835, 51.50483],
					"rotation": [12.5, 0, 0],
					"cubes": [
						{
							"origin": [-35.49295, 2.15835, 45.47483],
							"size": [14, 2, 22.28],
							"inflate": -0.001,
							"uv": {
								"north": {"uv": [219, 281], "uv_size": [14, 2]},
								"east": {"uv": [209, 155], "uv_size": [22, 2]},
								"south": {"uv": [281, 237], "uv_size": [14, 2]},
								"west": {"uv": [167, 233], "uv_size": [22, 2]},
								"up": {"uv": [110, 226], "uv_size": [14, 22]},
								"down": {"uv": [56, 258], "uv_size": [14, -22]}
							}
						}
					]
				},
				{
					"name": "right_ts6",
					"parent": "right_track_steels",
					"pivot": [26.49295, 1.93682, -13.41974],
					"cubes": [
						{
							"origin": [-35.49295, 0.9, -53.36974],
							"size": [14, 2, 99.2],
							"uv": {
								"north": {"uv": [281, 239], "uv_size": [14, 2]},
								"east": {"uv": [243, 136], "uv_size": [99, 2]},
								"south": {"uv": [281, 241], "uv_size": [14, 2]},
								"west": {"uv": [245, 134], "uv_size": [99, 2]},
								"up": {"uv": [139, 24], "uv_size": [14, 99]},
								"down": {"uv": [139, 222], "uv_size": [14, -99]}
							}
						}
					]
				},
				{
					"name": "right_ts7",
					"parent": "right_track_steels",
					"pivot": [26.49295, 5.18915, -56.40406],
					"rotation": [-32.5, 0, 0],
					"cubes": [
						{
							"origin": [-35.49295, 3.18915, -70.75406],
							"size": [14, 2, 19.2],
							"inflate": -0.001,
							"uv": {
								"north": {"uv": [281, 243], "uv_size": [14, 2]},
								"east": {"uv": [269, 116], "uv_size": [19, 2]},
								"south": {"uv": [281, 279], "uv_size": [14, 2]},
								"west": {"uv": [274, 271], "uv_size": [19, 2]},
								"up": {"uv": [167, 243], "uv_size": [14, 19]},
								"down": {"uv": [181, 262], "uv_size": [14, -19]}
							}
						}
					]
				},
				{
					"name": "right_ts8",
					"parent": "right_track_steels",
					"pivot": [26.49295, 20.69645, -68.6312],
					"rotation": [90, 0, 0],
					"cubes": [
						{
							"origin": [-35.49295, 19.69645, -78.1062],
							"size": [14, 2, 9.25],
							"uv": {
								"north": {"uv": [281, 281], "uv_size": [14, 2]},
								"east": {"uv": [282, 179], "uv_size": [9, 2]},
								"south": {"uv": [282, 167], "uv_size": [14, 2]},
								"west": {"uv": [24, 283], "uv_size": [9, 2]},
								"up": {"uv": [264, 201], "uv_size": [14, 9]},
								"down": {"uv": [264, 219], "uv_size": [14, -9]}
							}
						}
					]
				},
				{
					"name": "right_ts9",
					"parent": "right_track_steels",
					"pivot": [26.49295, 19.90322, -68.64464],
					"rotation": [22.5, 0, 0],
					"cubes": [
						{
							"origin": [-35.49295, 18.88527, -69.30554],
							"size": [14, 2, 7.95],
							"inflate": -0.001,
							"uv": {
								"north": {"uv": [282, 169], "uv_size": [14, 2]},
								"east": {"uv": [43, 283], "uv_size": [8, 2]},
								"south": {"uv": [282, 171], "uv_size": [14, 2]},
								"west": {"uv": [51, 283], "uv_size": [8, 2]},
								"up": {"uv": [265, 118], "uv_size": [14, 8]},
								"down": {"uv": [265, 163], "uv_size": [14, -8]}
							}
						}
					]
				},
				{
					"name": "right_passive_gear_1",
					"parent": "right_track",
					"pivot": [-28.49295, 12.34579, -46.08308],
					"cubes": [
						{
							"origin": [-33.49295, 5.34579, -53.08308],
							"size": [10, 14, 14],
							"uv": {
								"north": {"uv": [0, 257], "uv_size": [10, 14]},
								"east": {"uv": [16, 252], "uv_size": [14, 14]},
								"south": {"uv": [257, 0], "uv_size": [10, 14]},
								"west": {"uv": [70, 253], "uv_size": [14, 14]},
								"up": {"uv": [54, 258], "uv_size": [10, 14]},
								"down": {"uv": [120, 272], "uv_size": [10, -14]}
							}
						}
					]
				},
				{
					"name": "left_passive_gear_2",
					"parent": "right_track",
					"pivot": [28.49295, 11.34579, -29.08308],
					"cubes": [
						{
							"origin": [-33.49295, 5.34579, -36.08308],
							"size": [10, 14, 14],
							"uv": {
								"north": {"uv": [10, 257], "uv_size": [-10, 14]},
								"east": {"uv": [30, 252], "uv_size": [-14, 14]},
								"south": {"uv": [267, 0], "uv_size": [-10, 14]},
								"west": {"uv": [84, 253], "uv_size": [-14, 14]},
								"up": {"uv": [64, 258], "uv_size": [-10, 14]},
								"down": {"uv": [130, 272], "uv_size": [-10, -14]}
							}
						}
					]
				},
				{
					"name": "right_passive_gear_3",
					"parent": "right_track",
					"pivot": [28.49295, 11.34579, -9.08308],
					"cubes": [
						{
							"origin": [-33.49295, 5.34579, -16.08308],
							"size": [10, 14, 14],
							"uv": {
								"north": {"uv": [10, 257], "uv_size": [-10, 14]},
								"east": {"uv": [30, 252], "uv_size": [-14, 14]},
								"south": {"uv": [267, 0], "uv_size": [-10, 14]},
								"west": {"uv": [84, 253], "uv_size": [-14, 14]},
								"up": {"uv": [64, 258], "uv_size": [-10, 14]},
								"down": {"uv": [130, 272], "uv_size": [-10, -14]}
							}
						}
					]
				},
				{
					"name": "right_passive_gear_4",
					"parent": "right_track",
					"pivot": [28.49295, 11.34579, 7.91692],
					"cubes": [
						{
							"origin": [-33.49295, 5.34579, 0.91692],
							"size": [10, 14, 14],
							"uv": {
								"north": {"uv": [10, 257], "uv_size": [-10, 14]},
								"east": {"uv": [30, 252], "uv_size": [-14, 14]},
								"south": {"uv": [267, 0], "uv_size": [-10, 14]},
								"west": {"uv": [84, 253], "uv_size": [-14, 14]},
								"up": {"uv": [64, 258], "uv_size": [-10, 14]},
								"down": {"uv": [130, 272], "uv_size": [-10, -14]}
							}
						}
					]
				},
				{
					"name": "right_passive_gear_5",
					"parent": "right_track",
					"pivot": [28.49295, 11.34579, 24.91692],
					"cubes": [
						{
							"origin": [-33.49295, 5.34579, 17.91692],
							"size": [10, 14, 14],
							"uv": {
								"north": {"uv": [10, 257], "uv_size": [-10, 14]},
								"east": {"uv": [30, 252], "uv_size": [-14, 14]},
								"south": {"uv": [267, 0], "uv_size": [-10, 14]},
								"west": {"uv": [84, 253], "uv_size": [-14, 14]},
								"up": {"uv": [64, 258], "uv_size": [-10, 14]},
								"down": {"uv": [130, 272], "uv_size": [-10, -14]}
							}
						}
					]
				},
				{
					"name": "right_passive_gear_6",
					"parent": "right_track",
					"pivot": [28.49295, 11.34579, 41.91692],
					"cubes": [
						{
							"origin": [-33.49295, 5.34579, 34.91692],
							"size": [10, 14, 14],
							"uv": {
								"north": {"uv": [10, 257], "uv_size": [-10, 14]},
								"east": {"uv": [30, 252], "uv_size": [-14, 14]},
								"south": {"uv": [267, 0], "uv_size": [-10, 14]},
								"west": {"uv": [84, 253], "uv_size": [-14, 14]},
								"up": {"uv": [64, 258], "uv_size": [-10, 14]},
								"down": {"uv": [130, 272], "uv_size": [-10, -14]}
							}
						}
					]
				},
				{
					"name": "left_track",
					"parent": "track",
					"pivot": [3.25, -1.5, -20.24078]
				},
				{
					"name": "left_gear_back",
					"parent": "left_track",
					"pivot": [-26.76517, 13.55131, 58.44139],
					"cubes": [
						{
							"origin": [23.49295, 8.59579, 53.14692],
							"size": [10, 10, 10],
							"uv": {
								"north": {"uv": [267, 0], "uv_size": [10, 10]},
								"east": {"uv": [92, 267], "uv_size": [10, 10]},
								"south": {"uv": [74, 267], "uv_size": [10, 10]},
								"west": {"uv": [64, 267], "uv_size": [10, 10]},
								"up": {"uv": [144, 267], "uv_size": [10, 10]},
								"down": {"uv": [154, 277], "uv_size": [10, -10]}
							}
						},
						{
							"origin": [23.49295, 8.59579, 53.14692],
							"size": [10, 10, 10],
							"inflate": -0.01,
							"pivot": [28.49295, 13.59579, 58.14692],
							"rotation": [45, 0, 0],
							"uv": {
								"north": {"uv": [194, 267], "uv_size": [10, 10]},
								"east": {"uv": [269, 96], "uv_size": [10, 10]},
								"south": {"uv": [229, 268], "uv_size": [10, 10]},
								"west": {"uv": [219, 268], "uv_size": [10, 10]},
								"up": {"uv": [269, 106], "uv_size": [10, 10]},
								"down": {"uv": [204, 279], "uv_size": [10, -10]}
							}
						}
					]
				},
				{
					"name": "left_gear_front",
					"parent": "left_track",
					"pivot": [-26.7652, 15.5958, -61.85308],
					"cubes": [
						{
							"origin": [25.49295, 11.59579, -65.85308],
							"size": [6.54443, 8, 8],
							"uv": {
								"north": {"uv": [276, 255], "uv_size": [7, 8]},
								"east": {"uv": [43, 275], "uv_size": [8, 8]},
								"south": {"uv": [277, 0], "uv_size": [7, 8]},
								"west": {"uv": [275, 35], "uv_size": [8, 8]},
								"up": {"uv": [64, 277], "uv_size": [7, 8]},
								"down": {"uv": [71, 285], "uv_size": [7, -8]}
							}
						},
						{
							"origin": [25.49295, 11.59579, -65.85308],
							"size": [6.54443, 8, 8],
							"inflate": -0.01,
							"pivot": [28.76516, 15.59579, -61.85308],
							"rotation": [45, 0, 0],
							"uv": {
								"north": {"uv": [92, 277], "uv_size": [7, 8]},
								"east": {"uv": [84, 276], "uv_size": [8, 8]},
								"south": {"uv": [141, 277], "uv_size": [7, 8]},
								"west": {"uv": [16, 276], "uv_size": [8, 8]},
								"up": {"uv": [148, 277], "uv_size": [7, 8]},
								"down": {"uv": [155, 285], "uv_size": [7, -8]}
							}
						}
					]
				},
				{
					"name": "left_track_buffer",
					"parent": "left_track",
					"pivot": [-26.49295, 18.51, 30.64692]
				},
				{
					"name": "left_tb1",
					"parent": "left_track_buffer",
					"pivot": [-26.49295, 18.51, 33.14692],
					"rotation": [45, 0, 0],
					"cubes": [
						{
							"origin": [23.49295, 17.01, 31.64692],
							"size": [10, 3, 3],
							"uv": {
								"north": {"uv": [56, 233], "uv_size": [10, 3]},
								"east": {"uv": [134, 283], "uv_size": [3, 3]},
								"south": {"uv": [278, 216], "uv_size": [10, 3]},
								"west": {"uv": [118, 283], "uv_size": [3, 3]},
								"up": {"uv": [219, 278], "uv_size": [10, 3]},
								"down": {"uv": [229, 281], "uv_size": [10, -3]}
							}
						}
					]
				},
				{
					"name": "right_tb",
					"parent": "left_track_buffer",
					"pivot": [-26.49295, 19.01, 16.39692],
					"rotation": [45, 0, 0],
					"cubes": [
						{
							"origin": [23.49295, 17.51, 14.89692],
							"size": [10, 3, 3],
							"uv": {
								"north": {"uv": [279, 96], "uv_size": [10, 3]},
								"east": {"uv": [283, 188], "uv_size": [3, 3]},
								"south": {"uv": [99, 279], "uv_size": [10, 3]},
								"west": {"uv": [137, 283], "uv_size": [3, 3]},
								"up": {"uv": [279, 99], "uv_size": [10, 3]},
								"down": {"uv": [279, 105], "uv_size": [10, -3]}
							}
						}
					]
				},
				{
					"name": "left_tb3",
					"parent": "left_track_buffer",
					"pivot": [-26.49295, 19.26, -0.60308],
					"rotation": [45, 0, 0],
					"cubes": [
						{
							"origin": [23.49295, 17.76, -2.10308],
							"size": [10, 3, 3],
							"uv": {
								"north": {"uv": [279, 105], "uv_size": [10, 3]},
								"east": {"uv": [219, 283], "uv_size": [3, 3]},
								"south": {"uv": [279, 108], "uv_size": [10, 3]},
								"west": {"uv": [283, 191], "uv_size": [3, 3]},
								"up": {"uv": [279, 111], "uv_size": [10, 3]},
								"down": {"uv": [279, 121], "uv_size": [10, -3]}
							}
						}
					]
				},
				{
					"name": "left_tb4",
					"parent": "left_track_buffer",
					"pivot": [-26.49295, 19.26, -19.35308],
					"rotation": [45, 0, 0],
					"cubes": [
						{
							"origin": [23.49295, 17.76, -20.85308],
							"size": [10, 3, 3],
							"uv": {
								"north": {"uv": [279, 121], "uv_size": [10, 3]},
								"east": {"uv": [225, 283], "uv_size": [3, 3]},
								"south": {"uv": [279, 154], "uv_size": [10, 3]},
								"west": {"uv": [222, 283], "uv_size": [3, 3]},
								"up": {"uv": [279, 157], "uv_size": [10, 3]},
								"down": {"uv": [279, 163], "uv_size": [10, -3]}
							}
						}
					]
				},
				{
					"name": "left_tb5",
					"parent": "left_track_buffer",
					"pivot": [-26.49295, 19.26, -37.35308],
					"rotation": [45, 0, 0],
					"cubes": [
						{
							"origin": [23.49295, 17.76, -38.85308],
							"size": [10, 3, 3],
							"uv": {
								"north": {"uv": [204, 279], "uv_size": [10, 3]},
								"east": {"uv": [244, 283], "uv_size": [3, 3]},
								"south": {"uv": [279, 219], "uv_size": [10, 3]},
								"west": {"uv": [228, 283], "uv_size": [3, 3]},
								"up": {"uv": [279, 222], "uv_size": [10, 3]},
								"down": {"uv": [257, 282], "uv_size": [10, -3]}
							}
						}
					]
				},
				{
					"name": "left_track_steels",
					"parent": "left_track",
					"pivot": [-26.49295, 21.34579, -38.10308]
				},
				{
					"name": "left_ts1",
					"parent": "left_track_steels",
					"pivot": [-26.49295, 20.34579, -15.10308],
					"cubes": [
						{
							"origin": [21.49295, 21.59579, -62.35308],
							"size": [14, 2, 79.25],
							"uv": {
								"north": {"uv": [277, 8], "uv_size": [14, 2]},
								"east": {"uv": [251, 235], "uv_size": [79, 2]},
								"south": {"uv": [279, 114], "uv_size": [14, 2]},
								"west": {"uv": [249, 128], "uv_size": [79, 2]},
								"up": {"uv": [153, 44], "uv_size": [14, 79]},
								"down": {"uv": [153, 202], "uv_size": [14, -79]}
							}
						}
					]
				},
				{
					"name": "right_ts",
					"parent": "left_track_steels",
					"pivot": [-26.49295, 22.45314, 17.64077],
					"rotation": [-1.9, 0, 0],
					"cubes": [
						{
							"origin": [21.49295, 21.58162, 16.89569],
							"size": [14, 2, 42],
							"uv": {
								"north": {"uv": [279, 124], "uv_size": [14, 2]},
								"east": {"uv": [265, 126], "uv_size": [42, 2]},
								"south": {"uv": [24, 281], "uv_size": [14, 2]},
								"west": {"uv": [263, 233], "uv_size": [42, 2]},
								"up": {"uv": [153, 202], "uv_size": [14, 42]},
								"down": {"uv": [209, 129], "uv_size": [14, -42]}
							}
						}
					]
				},
				{
					"name": "left_ts3",
					"parent": "left_track_steels",
					"pivot": [28.49295, 20.22142, 62.87868],
					"rotation": [-21, 0, 0],
					"cubes": [
						{
							"origin": [21.49295, 19.47142, 58.50368],
							"size": [14, 2, 9],
							"inflate": -0.001,
							"pivot": [28.49295, 20.22142, 67.87868],
							"rotation": [5, 0, 0],
							"uv": {
								"north": {"uv": [281, 43], "uv_size": [14, 2]},
								"east": {"uv": [266, 153], "uv_size": [9, 2]},
								"south": {"uv": [281, 45], "uv_size": [14, 2]},
								"west": {"uv": [189, 233], "uv_size": [9, 2]},
								"up": {"uv": [194, 271], "uv_size": [-14, -9]},
								"down": {"uv": [144, 273], "uv_size": [-14, -9]}
							}
						}
					]
				},
				{
					"name": "left_ts4",
					"parent": "left_track_steels",
					"pivot": [-26.49295, 14.93682, 66.58026],
					"rotation": [90, 0, 0],
					"cubes": [
						{
							"origin": [21.49295, 13.93682, 57.33026],
							"size": [14, 2, 13.75],
							"inflate": 0.001,
							"uv": {
								"north": {"uv": [281, 47], "uv_size": [14, 2]},
								"east": {"uv": [109, 281], "uv_size": [14, 2]},
								"south": {"uv": [281, 51], "uv_size": [14, 2]},
								"west": {"uv": [281, 49], "uv_size": [14, 2]},
								"up": {"uv": [106, 248], "uv_size": [14, 14]},
								"down": {"uv": [138, 264], "uv_size": [14, -14]}
							}
						}
					]
				},
				{
					"name": "left_ts5",
					"parent": "left_track_steels",
					"pivot": [-26.49295, 3.15835, 51.50483],
					"rotation": [12.5, 0, 0],
					"cubes": [
						{
							"origin": [21.49295, 2.15835, 45.47483],
							"size": [14, 2, 22.28],
							"inflate": -0.001,
							"uv": {
								"north": {"uv": [219, 281], "uv_size": [14, 2]},
								"east": {"uv": [167, 233], "uv_size": [22, 2]},
								"south": {"uv": [281, 237], "uv_size": [14, 2]},
								"west": {"uv": [209, 155], "uv_size": [22, 2]},
								"up": {"uv": [110, 226], "uv_size": [14, 22]},
								"down": {"uv": [56, 258], "uv_size": [14, -22]}
							}
						}
					]
				},
				{
					"name": "left_ts6",
					"parent": "left_track_steels",
					"pivot": [-26.49295, 1.93682, -13.41974],
					"cubes": [
						{
							"origin": [21.49295, 0.9, -53.36974],
							"size": [14, 2, 99.2],
							"uv": {
								"north": {"uv": [281, 239], "uv_size": [14, 2]},
								"east": {"uv": [245, 134], "uv_size": [99, 2]},
								"south": {"uv": [281, 241], "uv_size": [14, 2]},
								"west": {"uv": [243, 136], "uv_size": [99, 2]},
								"up": {"uv": [139, 24], "uv_size": [14, 99]},
								"down": {"uv": [139, 222], "uv_size": [14, -99]}
							}
						}
					]
				},
				{
					"name": "left_ts7",
					"parent": "left_track_steels",
					"pivot": [-26.49295, 5.18915, -56.40406],
					"rotation": [-32.5, 0, 0],
					"cubes": [
						{
							"origin": [21.49295, 3.18915, -70.75406],
							"size": [14, 2, 19.2],
							"inflate": -0.001,
							"uv": {
								"north": {"uv": [281, 243], "uv_size": [14, 2]},
								"east": {"uv": [274, 271], "uv_size": [19, 2]},
								"south": {"uv": [281, 279], "uv_size": [14, 2]},
								"west": {"uv": [269, 116], "uv_size": [19, 2]},
								"up": {"uv": [167, 243], "uv_size": [14, 19]},
								"down": {"uv": [181, 262], "uv_size": [14, -19]}
							}
						}
					]
				},
				{
					"name": "left_ts8",
					"parent": "left_track_steels",
					"pivot": [-26.49295, 20.69645, -68.6312],
					"rotation": [90, 0, 0],
					"cubes": [
						{
							"origin": [21.49295, 19.69645, -78.1062],
							"size": [14, 2, 9.25],
							"uv": {
								"north": {"uv": [281, 281], "uv_size": [14, 2]},
								"east": {"uv": [24, 283], "uv_size": [9, 2]},
								"south": {"uv": [282, 167], "uv_size": [14, 2]},
								"west": {"uv": [282, 179], "uv_size": [9, 2]},
								"up": {"uv": [264, 201], "uv_size": [14, 9]},
								"down": {"uv": [264, 219], "uv_size": [14, -9]}
							}
						}
					]
				},
				{
					"name": "left_ts9",
					"parent": "left_track_steels",
					"pivot": [-26.49295, 19.90322, -68.64464],
					"rotation": [22.5, 0, 0],
					"cubes": [
						{
							"origin": [21.49295, 18.88527, -69.30554],
							"size": [14, 2, 7.95],
							"inflate": -0.001,
							"uv": {
								"north": {"uv": [282, 169], "uv_size": [14, 2]},
								"east": {"uv": [51, 283], "uv_size": [8, 2]},
								"south": {"uv": [282, 171], "uv_size": [14, 2]},
								"west": {"uv": [43, 283], "uv_size": [8, 2]},
								"up": {"uv": [265, 118], "uv_size": [14, 8]},
								"down": {"uv": [265, 163], "uv_size": [14, -8]}
							}
						}
					]
				},
				{
					"name": "left_passive_gear_1",
					"parent": "left_track",
					"pivot": [-28.49295, 11.34579, -46.08308],
					"cubes": [
						{
							"origin": [23.49295, 5.34579, -53.08308],
							"size": [10, 14, 14],
							"uv": {
								"north": {"uv": [0, 257], "uv_size": [10, 14]},
								"east": {"uv": [70, 253], "uv_size": [14, 14]},
								"south": {"uv": [257, 0], "uv_size": [10, 14]},
								"west": {"uv": [16, 252], "uv_size": [14, 14]},
								"up": {"uv": [54, 258], "uv_size": [10, 14]},
								"down": {"uv": [120, 272], "uv_size": [10, -14]}
							}
						}
					]
				},
				{
					"name": "right_passive_gear_2",
					"parent": "left_track",
					"pivot": [-28.49295, 11.34579, -29.08308],
					"cubes": [
						{
							"origin": [23.49295, 5.34579, -36.08308],
							"size": [10, 14, 14],
							"uv": {
								"north": {"uv": [0, 257], "uv_size": [10, 14]},
								"east": {"uv": [70, 253], "uv_size": [14, 14]},
								"south": {"uv": [257, 0], "uv_size": [10, 14]},
								"west": {"uv": [16, 252], "uv_size": [14, 14]},
								"up": {"uv": [54, 258], "uv_size": [10, 14]},
								"down": {"uv": [120, 272], "uv_size": [10, -14]}
							}
						}
					]
				},
				{
					"name": "left_passive_gear_3",
					"parent": "left_track",
					"pivot": [-28.49295, 11.34579, -9.08308],
					"cubes": [
						{
							"origin": [23.49295, 5.34579, -16.08308],
							"size": [10, 14, 14],
							"uv": {
								"north": {"uv": [0, 257], "uv_size": [10, 14]},
								"east": {"uv": [70, 253], "uv_size": [14, 14]},
								"south": {"uv": [257, 0], "uv_size": [10, 14]},
								"west": {"uv": [16, 252], "uv_size": [14, 14]},
								"up": {"uv": [54, 258], "uv_size": [10, 14]},
								"down": {"uv": [120, 272], "uv_size": [10, -14]}
							}
						}
					]
				},
				{
					"name": "left_passive_gear_4",
					"parent": "left_track",
					"pivot": [-28.49295, 11.34579, 7.91692],
					"cubes": [
						{
							"origin": [23.49295, 5.34579, 0.91692],
							"size": [10, 14, 14],
							"uv": {
								"north": {"uv": [0, 257], "uv_size": [10, 14]},
								"east": {"uv": [70, 253], "uv_size": [14, 14]},
								"south": {"uv": [257, 0], "uv_size": [10, 14]},
								"west": {"uv": [16, 252], "uv_size": [14, 14]},
								"up": {"uv": [54, 258], "uv_size": [10, 14]},
								"down": {"uv": [120, 272], "uv_size": [10, -14]}
							}
						}
					]
				},
				{
					"name": "left_passive_gear_5",
					"parent": "left_track",
					"pivot": [-28.49295, 11.34579, 24.91692],
					"cubes": [
						{
							"origin": [23.49295, 5.34579, 17.91692],
							"size": [10, 14, 14],
							"uv": {
								"north": {"uv": [0, 257], "uv_size": [10, 14]},
								"east": {"uv": [70, 253], "uv_size": [14, 14]},
								"south": {"uv": [257, 0], "uv_size": [10, 14]},
								"west": {"uv": [16, 252], "uv_size": [14, 14]},
								"up": {"uv": [54, 258], "uv_size": [10, 14]},
								"down": {"uv": [120, 272], "uv_size": [10, -14]}
							}
						}
					]
				},
				{
					"name": "left_passive_gear_6",
					"parent": "left_track",
					"pivot": [-28.49295, 11.34579, 41.91692],
					"cubes": [
						{
							"origin": [23.49295, 5.34579, 34.91692],
							"size": [10, 14, 14],
							"uv": {
								"north": {"uv": [0, 257], "uv_size": [10, 14]},
								"east": {"uv": [70, 253], "uv_size": [14, 14]},
								"south": {"uv": [257, 0], "uv_size": [10, 14]},
								"west": {"uv": [16, 252], "uv_size": [14, 14]},
								"up": {"uv": [54, 258], "uv_size": [10, 14]},
								"down": {"uv": [120, 272], "uv_size": [10, -14]}
							}
						}
					]
				}
			]
		}
	]
}