{
	"format_version": "1.12.0",
	"minecraft:geometry": [
		{
			"description": {
				"identifier": "geometry.tiger_1",
				"texture_width": 512,
				"texture_height": 512,
				"visible_bounds_width": 31,
				"visible_bounds_height": 14,
				"visible_bounds_offset": [0, 2, 0]
			},
			"bones": [
				{
					"name": "body",
					"pivot": [0, 0, 0]
				},
				{
					"name": "hull",
					"parent": "body",
					"pivot": [-0.0748, 23.76993, 13.37037],
					"cubes": [
						{
							"origin": [-17.3536, 11.09359, -54.93799],
							"size": [34.5576, 14.2296, 16.4142],
							"pivot": [-0.0748, 18.20839, -46.62089],
							"rotation": [25, 0, 0],
							"uv": {
								"north": {"uv": [33, 235], "uv_size": [35, 14]},
								"east": {"uv": [37, 266], "uv_size": [16, 14]},
								"south": {"uv": [236, 226], "uv_size": [35, 14]},
								"west": {"uv": [160, 269], "uv_size": [16, 14]},
								"up": {"uv": [210, 0], "uv_size": [35, 16]},
								"down": {"uv": [210, 32], "uv_size": [35, -16]}
							}
						},
						{
							"origin": [-17.27892, 8.26599, 50.659],
							"size": [34.55784, 28.37584, 3.96024],
							"inflate": -0.001,
							"pivot": [0, 22.45391, 52.63912],
							"rotation": [-15, 0, 0],
							"uv": {
								"north": {"uv": [156, 185], "uv_size": [35, 28]},
								"east": {"uv": [91, 275], "uv_size": [4, 28]},
								"south": {"uv": [191, 185], "uv_size": [35, 28]},
								"west": {"uv": [11, 306], "uv_size": [4, 28]},
								"up": {"uv": [192, 116], "uv_size": [35, 4]},
								"down": {"uv": [280, 273], "uv_size": [35, -4]}
							}
						},
						{
							"origin": [-33.38284, 22.72489, 52.99451],
							"size": [66.83609, 13.84689, 3.936],
							"inflate": 0.1,
							"pivot": [-0.2948, 30.52835, 54.96251],
							"rotation": [-15, 0, 0],
							"uv": {
								"north": {"uv": [163, 61], "uv_size": [67, 14]},
								"east": {"uv": [316, 285], "uv_size": [4, 14]},
								"south": {"uv": [192, 92], "uv_size": [67, 14]},
								"west": {"uv": [0, 317], "uv_size": [4, 14]},
								"up": {"uv": [245, 27], "uv_size": [67, 4]},
								"down": {"uv": [246, 226], "uv_size": [67, -4]}
							}
						},
						{
							"origin": [-16.61596, 9.25434, -49.23577],
							"size": [33.30231, 12.01, 99.82231],
							"inflate": -0.01,
							"uv": {
								"north": {"uv": [160, 242], "uv_size": [33, 12]},
								"east": {"uv": [162, 80], "uv_size": [100, 12]},
								"south": {"uv": [193, 245], "uv_size": [33, 12]},
								"west": {"uv": [163, 33], "uv_size": [100, 12]},
								"up": {"uv": [0, 0], "uv_size": [33, 100]},
								"down": {"uv": [33, 100], "uv_size": [33, -100]}
							}
						},
						{
							"origin": [-16.61596, 21.24434, -42.23577],
							"size": [33.30231, 15.75251, 96.82231],
							"inflate": -0.01,
							"uv": {
								"north": {"uv": [160, 226], "uv_size": [33, 16]},
								"east": {"uv": [156, 120], "uv_size": [97, 16]},
								"south": {"uv": [226, 182], "uv_size": [33, 16]},
								"west": {"uv": [156, 136], "uv_size": [97, 16]},
								"up": {"uv": [33, 100], "uv_size": [-33, -100]},
								"down": {"uv": [66, 100], "uv_size": [-33, -100]}
							}
						}
					]
				},
				{
					"name": "components",
					"parent": "body",
					"pivot": [0.33037, 32.61772, 59.54637],
					"cubes": [
						{
							"origin": [2.5828, 15.78423, 55.97183],
							"size": [9.0112, 21.0716, 8.2676],
							"pivot": [4.8884, 26.32003, 60.54562],
							"rotation": [-15, 0, 0],
							"uv": {
								"north": {"uv": [273, 115], "uv_size": [9, 21]},
								"east": {"uv": [83, 278], "uv_size": [8, 21]},
								"south": {"uv": [236, 273], "uv_size": [9, 21]},
								"west": {"uv": [263, 285], "uv_size": [8, 21]},
								"up": {"uv": [182, 92], "uv_size": [9, 8]},
								"down": {"uv": [299, 104], "uv_size": [9, -8]}
							}
						},
						{
							"origin": [-11.594, 15.78423, 55.97183],
							"size": [9.0112, 21.0716, 8.2676],
							"pivot": [-7.5284, 26.32003, 60.54562],
							"rotation": [-15, 0, 0],
							"uv": {
								"north": {"uv": [245, 273], "uv_size": [9, 21]},
								"east": {"uv": [15, 290], "uv_size": [8, 21]},
								"south": {"uv": [254, 273], "uv_size": [9, 21]},
								"west": {"uv": [23, 290], "uv_size": [8, 21]},
								"up": {"uv": [308, 118], "uv_size": [9, 8]},
								"down": {"uv": [310, 95], "uv_size": [9, -8]}
							}
						},
						{
							"origin": [-9.6437, 24.51798, 60.45678],
							"size": [4.9456, 13.5102, 4.202],
							"pivot": [-7.6109, 35.23308, 62.99778],
							"rotation": [-15, 0, 0],
							"uv": {
								"north": {"uv": [35, 313], "uv_size": [5, 14]},
								"east": {"uv": [4, 317], "uv_size": [4, 14]},
								"south": {"uv": [210, 313], "uv_size": [5, 14]},
								"west": {"uv": [158, 317], "uv_size": [4, 14]},
								"up": {"uv": [250, 178], "uv_size": [5, 4]},
								"down": {"uv": [21, 266], "uv_size": [5, -4]}
							}
						},
						{
							"origin": [4.6981, 24.51798, 60.45678],
							"size": [4.9456, 13.5102, 4.202],
							"pivot": [4.9709, 35.23308, 62.99778],
							"rotation": [-15, 0, 0],
							"uv": {
								"north": {"uv": [271, 314], "uv_size": [5, 14]},
								"east": {"uv": [162, 317], "uv_size": [4, 14]},
								"south": {"uv": [276, 314], "uv_size": [5, 14]},
								"west": {"uv": [317, 162], "uv_size": [4, 14]},
								"up": {"uv": [26, 262], "uv_size": [5, 4]},
								"down": {"uv": [294, 190], "uv_size": [5, -4]}
							}
						}
					]
				},
				{
					"name": "antenne",
					"parent": "components",
					"pivot": [-30.118, 48.91116, 22.38939],
					"cubes": [
						{
							"origin": [-30.228, 37.08116, 22.27939],
							"size": [0.22, 44.88, 0.22],
							"uv": {
								"north": {"uv": [86, 310], "uv_size": [1, 45]},
								"east": {"uv": [87, 310], "uv_size": [1, 45]},
								"south": {"uv": [88, 310], "uv_size": [1, 45]},
								"west": {"uv": [66, 311], "uv_size": [1, 45]},
								"up": {"uv": [163, 52], "uv_size": [1, 1]},
								"down": {"uv": [184, 46], "uv_size": [1, -1]}
							}
						},
						{
							"origin": [-30.558, 36.86116, 21.94939],
							"size": [0.88, 0.88, 0.88],
							"uv": {
								"north": {"uv": [184, 46], "uv_size": [1, 1]},
								"east": {"uv": [189, 50], "uv_size": [1, 1]},
								"south": {"uv": [190, 50], "uv_size": [1, 1]},
								"west": {"uv": [191, 50], "uv_size": [1, 1]},
								"up": {"uv": [191, 97], "uv_size": [1, 1]},
								"down": {"uv": [191, 99], "uv_size": [1, -1]}
							}
						}
					]
				},
				{
					"name": "spaced_armor",
					"parent": "body",
					"pivot": [-1.49193, 26.49242, -14.20923],
					"cubes": [
						{
							"origin": [17.204, 24.5878, -58.07957],
							"size": [20.6624, 0.5082, 17.0588],
							"pivot": [27.5352, 24.8419, -48.89017],
							"rotation": [25, 0, 0],
							"uv": {
								"north": {"uv": [203, 184], "uv_size": [21, 1]},
								"east": {"uv": [226, 212], "uv_size": [17, 1]},
								"south": {"uv": [210, 32], "uv_size": [21, 1]},
								"west": {"uv": [0, 234], "uv_size": [17, 1]},
								"up": {"uv": [68, 235], "uv_size": [21, 17]},
								"down": {"uv": [33, 266], "uv_size": [21, -17]}
							}
						},
						{
							"origin": [-33.616, 31.10417, -47.70473],
							"size": [67.0824, 1.3882, 10.384],
							"pivot": [-0.0748, 32.23827, -42.62273],
							"rotation": [85, 0, 0],
							"uv": {
								"north": {"uv": [290, 202], "uv_size": [67, 1]},
								"east": {"uv": [262, 91], "uv_size": [10, 1]},
								"south": {"uv": [291, 155], "uv_size": [67, 1]},
								"west": {"uv": [273, 145], "uv_size": [10, 1]},
								"up": {"uv": [192, 106], "uv_size": [67, 10]},
								"down": {"uv": [204, 55], "uv_size": [67, -10]}
							}
						},
						{
							"origin": [-38.016, 24.28529, -58.00703],
							"size": [20.6624, 0.5082, 16.247],
							"pivot": [-27.6848, 24.53939, -49.66353],
							"rotation": [25, 0, 0],
							"uv": {
								"north": {"uv": [306, 220], "uv_size": [21, 1]},
								"east": {"uv": [253, 151], "uv_size": [16, 1]},
								"south": {"uv": [310, 95], "uv_size": [21, 1]},
								"west": {"uv": [240, 259], "uv_size": [16, 1]},
								"up": {"uv": [0, 250], "uv_size": [21, 16]},
								"down": {"uv": [250, 168], "uv_size": [21, -16]}
							}
						},
						{
							"origin": [17.2788, 18.78474, 52.50709],
							"size": [20.6624, 0.5082, 12.1968],
							"pivot": [27.61, 19.03884, 58.60549],
							"rotation": [-47.5, 0, 0],
							"uv": {
								"north": {"uv": [310, 305], "uv_size": [21, 1]},
								"east": {"uv": [231, 32], "uv_size": [12, 1]},
								"south": {"uv": [315, 65], "uv_size": [21, 1]},
								"west": {"uv": [54, 251], "uv_size": [12, 1]},
								"up": {"uv": [263, 31], "uv_size": [21, 12]},
								"down": {"uv": [263, 67], "uv_size": [21, -12]}
							}
						},
						{
							"origin": [-37.9412, 18.78474, 52.50709],
							"size": [20.6624, 0.5082, 12.1968],
							"pivot": [-27.61, 19.03884, 58.60549],
							"rotation": [-47.5, 0, 0],
							"uv": {
								"north": {"uv": [315, 255], "uv_size": [21, 1]},
								"east": {"uv": [180, 256], "uv_size": [12, 1]},
								"south": {"uv": [317, 194], "uv_size": [21, 1]},
								"west": {"uv": [259, 115], "uv_size": [12, 1]},
								"up": {"uv": [16, 266], "uv_size": [21, 12]},
								"down": {"uv": [269, 203], "uv_size": [21, -12]}
							}
						},
						{
							"origin": [-12.77361, 24.87326, 3.55066],
							"size": [96.932, 0.5082, 4.884],
							"pivot": [35.69239, 25.12736, 5.99267],
							"rotation": [-52.5, -87.5, 90],
							"uv": {
								"north": {"uv": [263, 69], "uv_size": [97, 1]},
								"east": {"uv": [223, 59], "uv_size": [5, 1]},
								"south": {"uv": [276, 221], "uv_size": [97, 1]},
								"west": {"uv": [84, 261], "uv_size": [5, 1]},
								"up": {"uv": [163, 75], "uv_size": [97, 5]},
								"down": {"uv": [230, 75], "uv_size": [97, -5]}
							}
						},
						{
							"origin": [-84.15839, 24.83488, 3.54983],
							"size": [96.932, 0.5082, 4.884],
							"pivot": [-35.69239, 25.08898, 5.99183],
							"rotation": [-52.5, 87.5, -90],
							"uv": {
								"north": {"uv": [284, 66], "uv_size": [97, 1]},
								"east": {"uv": [263, 43], "uv_size": [5, 1]},
								"south": {"uv": [290, 201], "uv_size": [97, 1]},
								"west": {"uv": [263, 44], "uv_size": [5, 1]},
								"up": {"uv": [193, 240], "uv_size": [97, 5]},
								"down": {"uv": [245, 5], "uv_size": [97, -5]}
							}
						},
						{
							"origin": [5.4164, 27.10724, -44.22881],
							"size": [10.164, 6.9784, 4.0656],
							"uv": {
								"north": {"uv": [259, 191], "uv_size": [10, 7]},
								"east": {"uv": [200, 45], "uv_size": [4, 7]},
								"south": {"uv": [282, 129], "uv_size": [10, 7]},
								"west": {"uv": [231, 280], "uv_size": [4, 7]},
								"up": {"uv": [219, 55], "uv_size": [10, 4]},
								"down": {"uv": [243, 120], "uv_size": [10, -4]}
							}
						},
						{
							"origin": [-15.73, 27.49444, -43.95601],
							"size": [6.644, 6.0984, 2.0328],
							"uv": {
								"north": {"uv": [271, 162], "uv_size": [7, 6]},
								"east": {"uv": [269, 146], "uv_size": [2, 6]},
								"south": {"uv": [46, 280], "uv_size": [7, 6]},
								"west": {"uv": [278, 162], "uv_size": [2, 6]},
								"up": {"uv": [192, 50], "uv_size": [7, 2]},
								"down": {"uv": [212, 57], "uv_size": [7, -2]}
							}
						},
						{
							"origin": [-13.178, 30.30824, -46.60261],
							"size": [0.6446, 0.6446, 4.5738],
							"uv": {
								"north": {"uv": [191, 99], "uv_size": [1, 1]},
								"east": {"uv": [269, 209], "uv_size": [5, 1]},
								"south": {"uv": [196, 52], "uv_size": [1, 1]},
								"west": {"uv": [272, 91], "uv_size": [5, 1]},
								"up": {"uv": [163, 45], "uv_size": [1, 5]},
								"down": {"uv": [191, 97], "uv_size": [1, -5]}
							}
						}
					]
				},
				{
					"name": "left_side_hull",
					"parent": "body",
					"pivot": [22.51944, 32.77863, -7.62773],
					"cubes": [
						{
							"origin": [20.538, 18.41414, -41.36055],
							"size": [6.1008, 20.0576, 96.2062],
							"inflate": -0.01,
							"pivot": [23.5884, 28.44294, 6.74255],
							"rotation": [0, -2.5, -90],
							"uv": {
								"north": {"uv": [89, 235], "uv_size": [6, 20]},
								"east": {"uv": [66, 80], "uv_size": [96, 20]},
								"south": {"uv": [90, 255], "uv_size": [6, 20]},
								"west": {"uv": [0, 100], "uv_size": [96, 20]},
								"up": {"uv": [136, 212], "uv_size": [6, 96]},
								"down": {"uv": [142, 308], "uv_size": [6, -96]}
							}
						},
						{
							"origin": [19.30815, 32.00367, -40.44881],
							"size": [2.1468, 8.43749, 8.76426],
							"inflate": 0.001,
							"pivot": [20.38155, 36.22241, -36.06668],
							"rotation": [0, 0, -90],
							"uv": {
								"north": {"uv": [282, 303], "uv_size": [2, 8]},
								"east": {"uv": [201, 313], "uv_size": [9, 8]},
								"south": {"uv": [304, 31], "uv_size": [2, 8]},
								"west": {"uv": [314, 5], "uv_size": [9, 8]},
								"up": {"uv": [279, 105], "uv_size": [2, 9]},
								"down": {"uv": [261, 303], "uv_size": [2, -9]}
							}
						},
						{
							"origin": [-5.25144, 2.18288, -42.19621],
							"size": [9.65787, 20.05727, 97.05423],
							"inflate": 0.001,
							"pivot": [1.60343, 34.19648, -14.81288],
							"rotation": [0, 0, -90],
							"uv": {
								"north": {"uv": [176, 270], "uv_size": [10, 20]},
								"east": {"uv": [66, 0], "uv_size": [97, 20]},
								"south": {"uv": [186, 270], "uv_size": [10, 20]},
								"west": {"uv": [66, 20], "uv_size": [97, 20]},
								"up": {"uv": [96, 212], "uv_size": [10, 97]},
								"down": {"uv": [106, 309], "uv_size": [10, -97]}
							}
						}
					]
				},
				{
					"name": "right_side_hull",
					"parent": "body",
					"pivot": [-22.51944, 32.77863, -7.62773],
					"cubes": [
						{
							"origin": [-26.6388, 18.41414, -41.36055],
							"size": [6.1008, 20.0576, 96.2062],
							"inflate": -0.01,
							"pivot": [-23.5884, 28.44294, 6.74255],
							"rotation": [0, 2.5, 90],
							"uv": {
								"north": {"uv": [68, 300], "uv_size": [6, 20]},
								"east": {"uv": [96, 100], "uv_size": [96, 20]},
								"south": {"uv": [74, 310], "uv_size": [6, 20]},
								"west": {"uv": [0, 120], "uv_size": [96, 20]},
								"up": {"uv": [148, 212], "uv_size": [6, 96]},
								"down": {"uv": [154, 309], "uv_size": [6, -96]}
							}
						},
						{
							"origin": [-1.49592, 7.99277, -40.44881],
							"size": [2.1468, 8.43749, 8.76426],
							"inflate": 0.001,
							"pivot": [1.60343, 34.19648, -14.81288],
							"rotation": [0, 0, 90],
							"uv": {
								"north": {"uv": [308, 75], "uv_size": [2, 8]},
								"east": {"uv": [314, 13], "uv_size": [9, 8]},
								"south": {"uv": [158, 309], "uv_size": [2, 8]},
								"west": {"uv": [314, 21], "uv_size": [9, 8]},
								"up": {"uv": [74, 300], "uv_size": [2, 9]},
								"down": {"uv": [76, 309], "uv_size": [2, -9]}
							}
						},
						{
							"origin": [-28.41734, 22.14191, -42.19621],
							"size": [9.65787, 20.05727, 97.05423],
							"inflate": 0.001,
							"pivot": [-23.5884, 32.17054, 6.50099],
							"rotation": [0, 0, 90],
							"uv": {
								"north": {"uv": [196, 270], "uv_size": [10, 20]},
								"east": {"uv": [66, 40], "uv_size": [97, 20]},
								"south": {"uv": [206, 270], "uv_size": [10, 20]},
								"west": {"uv": [66, 60], "uv_size": [97, 20]},
								"up": {"uv": [116, 212], "uv_size": [10, 97]},
								"down": {"uv": [126, 309], "uv_size": [10, -97]}
							}
						}
					]
				},
				{
					"name": "head",
					"parent": "body",
					"pivot": [-0.8008, 37.8867, 2.82875],
					"cubes": [
						{
							"origin": [-21.4192, 38.69156, -26.30541],
							"size": [42.6888, 12.1968, 12.804],
							"uv": {
								"north": {"uv": [193, 226], "uv_size": [43, 12]},
								"east": {"uv": [291, 245], "uv_size": [13, 12]},
								"south": {"uv": [226, 198], "uv_size": [43, 12]},
								"west": {"uv": [271, 291], "uv_size": [13, 12]},
								"up": {"uv": [160, 213], "uv_size": [43, 13]},
								"down": {"uv": [203, 226], "uv_size": [43, -13]}
							}
						},
						{
							"origin": [-23.452, 36.93156, -13.50141],
							"size": [46.7544, 15.1096, 32.9208],
							"uv": {
								"north": {"uv": [203, 152], "uv_size": [47, 15]},
								"east": {"uv": [230, 55], "uv_size": [33, 15]},
								"south": {"uv": [203, 167], "uv_size": [47, 15]},
								"west": {"uv": [0, 235], "uv_size": [33, 15]},
								"up": {"uv": [156, 152], "uv_size": [47, 33]},
								"down": {"uv": [163, 33], "uv_size": [47, -33]}
							}
						},
						{
							"origin": [4.004, 52.04116, -2.94141],
							"size": [15.9896, 4.0656, 16.2624],
							"uv": {
								"north": {"uv": [227, 116], "uv_size": [16, 4]},
								"east": {"uv": [307, 149], "uv_size": [16, 4]},
								"south": {"uv": [313, 222], "uv_size": [16, 4]},
								"west": {"uv": [315, 55], "uv_size": [16, 4]},
								"up": {"uv": [74, 262], "uv_size": [16, 16]},
								"down": {"uv": [262, 91], "uv_size": [16, -16]}
							}
						},
						{
							"origin": [-15.3208, 39.57156, 19.41939],
							"size": [30.492, 11.5896, 10.164],
							"uv": {
								"north": {"uv": [226, 245], "uv_size": [30, 12]},
								"east": {"uv": [310, 75], "uv_size": [10, 12]},
								"south": {"uv": [246, 210], "uv_size": [30, 12]},
								"west": {"uv": [310, 273], "uv_size": [10, 12]},
								"up": {"uv": [250, 168], "uv_size": [30, 10]},
								"down": {"uv": [54, 262], "uv_size": [30, -10]}
							}
						},
						{
							"origin": [-17.5384, 50.13684, -14.44301],
							"size": [3.52, 1.76, 0.88],
							"uv": {
								"north": {"uv": [181, 47], "uv_size": [4, 2]},
								"east": {"uv": [163, 50], "uv_size": [1, 2]},
								"south": {"uv": [200, 52], "uv_size": [4, 2]},
								"west": {"uv": [183, 45], "uv_size": [1, 2]},
								"up": {"uv": [169, 45], "uv_size": [4, 1]},
								"down": {"uv": [177, 48], "uv_size": [4, -1]}
							}
						}
					]
				},
				{
					"name": "turret_antenne",
					"parent": "head",
					"pivot": [-8.602, 65.74116, 16.22939],
					"cubes": [
						{
							"origin": [-8.712, 52.04116, 16.11939],
							"size": [0.22, 26.4, 0.22],
							"uv": {
								"north": {"uv": [95, 275], "uv_size": [1, 26]},
								"east": {"uv": [67, 311], "uv_size": [1, 26]},
								"south": {"uv": [292, 312], "uv_size": [1, 26]},
								"west": {"uv": [293, 312], "uv_size": [1, 26]},
								"up": {"uv": [197, 52], "uv_size": [1, 1]},
								"down": {"uv": [198, 53], "uv_size": [1, -1]}
							}
						}
					]
				},
				{
					"name": "barrel",
					"parent": "head",
					"pivot": [-1.41464, 45.42159, -26.43487],
					"cubes": [
						{
							"origin": [-3.17911, 41.73875, -46.02621],
							"size": [6.3712, 6.3712, 19.7208],
							"pivot": [0.00649, 44.92435, -36.16581],
							"rotation": [0, 0, 45],
							"uv": {
								"north": {"uv": [84, 255], "uv_size": [6, 6]},
								"east": {"uv": [162, 92], "uv_size": [20, 6]},
								"south": {"uv": [271, 285], "uv_size": [6, 6]},
								"west": {"uv": [306, 195], "uv_size": [20, 6]},
								"up": {"uv": [80, 310], "uv_size": [6, 20]},
								"down": {"uv": [310, 305], "uv_size": [6, -20]}
							}
						},
						{
							"origin": [-2.58645, 42.30963, -61.38924],
							"size": [5.2184, 5.2184, 15.4506],
							"pivot": [0.02275, 44.91883, -53.66394],
							"rotation": [0, 0, 45],
							"uv": {
								"north": {"uv": [231, 287], "uv_size": [5, 5]},
								"east": {"uv": [185, 45], "uv_size": [15, 5]},
								"south": {"uv": [78, 290], "uv_size": [5, 5]},
								"west": {"uv": [253, 146], "uv_size": [15, 5]},
								"up": {"uv": [25, 311], "uv_size": [5, 15]},
								"down": {"uv": [30, 328], "uv_size": [5, -15]}
							}
						}
					]
				},
				{
					"name": "spaced_armor_turret",
					"parent": "barrel",
					"pivot": [-0.1584, 44.91684, -27.64301],
					"cubes": [
						{
							"origin": [-21.2784, 39.57684, -28.52301],
							"size": [42.46, 10.56, 1.76],
							"uv": {
								"north": {"uv": [245, 5], "uv_size": [42, 11]},
								"east": {"uv": [12, 294], "uv_size": [2, 11]},
								"south": {"uv": [245, 16], "uv_size": [42, 11]},
								"west": {"uv": [259, 294], "uv_size": [2, 11]},
								"up": {"uv": [193, 238], "uv_size": [42, 2]},
								"down": {"uv": [306, 245], "uv_size": [42, -2]}
							}
						}
					]
				},
				{
					"name": "suspension_barrel",
					"parent": "barrel",
					"pivot": [0.21992, 44.82432, -89.19241],
					"cubes": [
						{
							"origin": [-1.58631, 43.33155, -95.73741],
							"size": [3.1856, 3.1856, 34.3112],
							"pivot": [0.00649, 44.92435, -78.58181],
							"rotation": [0, 0, 45],
							"uv": {
								"north": {"uv": [84, 252], "uv_size": [3, 3]},
								"east": {"uv": [306, 237], "uv_size": [34, 3]},
								"south": {"uv": [255, 178], "uv_size": [3, 3]},
								"west": {"uv": [306, 240], "uv_size": [34, 3]},
								"up": {"uv": [53, 309], "uv_size": [3, 34]},
								"down": {"uv": [133, 343], "uv_size": [3, -34]}
							}
						},
						{
							"origin": [-3.19223, 41.85868, -105.62861],
							"size": [6.3712, 6.3712, 9.8912],
							"pivot": [-0.00663, 45.04428, -99.80301],
							"rotation": [0, 0, -45],
							"uv": {
								"north": {"uv": [89, 303], "uv_size": [6, 6]},
								"east": {"uv": [315, 59], "uv_size": [10, 6]},
								"south": {"uv": [245, 317], "uv_size": [6, 6]},
								"west": {"uv": [215, 315], "uv_size": [10, 6]},
								"up": {"uv": [315, 245], "uv_size": [6, 10]},
								"down": {"uv": [316, 136], "uv_size": [6, -10]}
							}
						}
					],
					"locators": {
						"gun_blast2": [-0.00323, 44.74865, -101.14784]
					}
				},
				{
					"name": "gun_blast",
					"parent": "barrel",
					"pivot": [-0.00323, 44.58288, -103.54784],
					"poly_mesh": {
						"normalized_uvs": true,
						"positions": [
							[-0.32323, 44.26951, -103.21184],
							[-0.32323, 44.90951, -103.21184],
							[0.31677, 44.90951, -103.21184],
							[0.31677, 44.26951, -103.21184],
							[-0.00323, 44.58951, -105.69184],
							[-0.32323, 44.57351, -103.78784],
							[-0.32323, 44.57351, -103.14784],
							[0.31677, 44.57351, -103.14784],
							[0.31677, 44.57351, -103.78784],
							[-0.00323, 46.09351, -103.46784],
							[0.31677, 44.58562, -103.14784],
							[-0.32323, 44.58562, -103.14784],
							[-0.32323, 44.58562, -103.78784],
							[0.31677, 44.58562, -103.78784],
							[-0.00323, 43.06562, -103.46784],
							[-0.3166, 44.90288, -103.21184],
							[0.3234, 44.90288, -103.21184],
							[0.3234, 44.26288, -103.21184],
							[-0.3166, 44.26288, -103.21184],
							[0.0034, 44.58288, -105.69184],
							[-0.0126, 44.90288, -103.78784],
							[-0.0126, 44.90288, -103.14784],
							[-0.0126, 44.26288, -103.14784],
							[-0.0126, 44.26288, -103.78784],
							[1.5074, 44.58288, -103.46784],
							[-0.00049, 44.26288, -103.14784],
							[-0.00049, 44.90288, -103.14784],
							[-0.00049, 44.90288, -103.78784],
							[-0.00049, 44.26288, -103.78784],
							[-1.52049, 44.58288, -103.46784]
						],
						"normals": [
							[0.70711, -0.70711, 0],
							[0.70711, 0.70711, 0],
							[-0.70711, 0.70711, 0],
							[-0.70711, -0.70711, 0],
							[0, 0, -1],
							[0.70711, 0, -0.70711],
							[0.70711, 0, 0.70711],
							[-0.70711, 0, 0.70711],
							[-0.70711, 0, -0.70711],
							[0, 1, 0],
							[-0.70711, 0, 0.70711],
							[0.70711, 0, 0.70711],
							[0.70711, 0, -0.70711],
							[-0.70711, 0, -0.70711],
							[0, -1, 0],
							[0, 0.70711, -0.70711],
							[0, 0.70711, 0.70711],
							[0, -0.70711, 0.70711],
							[0, -0.70711, -0.70711],
							[-1, 0, 0],
							[0, -0.70711, 0.70711],
							[0, 0.70711, 0.70711],
							[0, 0.70711, -0.70711],
							[0, -0.70711, -0.70711],
							[1, 0, 0]
						],
						"uvs": [
							[0.03125, 0.44922],
							[0.03125, 0.48047],
							[0, 0.48047],
							[0, 0.44922],
							[0.32233, 0.91211],
							[0.31836, 0.88111],
							[0.44145, 0.88111]
						],
						"polys": [
							[
								[0, 0, 0],
								[1, 1, 1],
								[2, 2, 2],
								[3, 3, 3]
							],
							[
								[1, 1, 4],
								[0, 0, 5],
								[4, 4, 6],
								[1, 1, 4]
							],
							[
								[2, 2, 4],
								[1, 1, 5],
								[4, 4, 6],
								[2, 2, 4]
							],
							[
								[0, 0, 4],
								[3, 3, 5],
								[4, 4, 6],
								[0, 0, 4]
							],
							[
								[3, 3, 4],
								[2, 2, 5],
								[4, 4, 6],
								[3, 3, 4]
							],
							[
								[5, 5, 0],
								[6, 6, 1],
								[7, 7, 2],
								[8, 8, 3]
							],
							[
								[6, 6, 4],
								[5, 5, 5],
								[9, 9, 6],
								[6, 6, 4]
							],
							[
								[7, 7, 4],
								[6, 6, 5],
								[9, 9, 6],
								[7, 7, 4]
							],
							[
								[5, 5, 4],
								[8, 8, 5],
								[9, 9, 6],
								[5, 5, 4]
							],
							[
								[8, 8, 4],
								[7, 7, 5],
								[9, 9, 6],
								[8, 8, 4]
							],
							[
								[10, 10, 2],
								[11, 11, 1],
								[12, 12, 0],
								[13, 13, 3]
							],
							[
								[12, 12, 5],
								[11, 11, 4],
								[14, 14, 6],
								[12, 12, 5]
							],
							[
								[11, 11, 5],
								[10, 10, 4],
								[14, 14, 6],
								[11, 11, 5]
							],
							[
								[13, 13, 5],
								[12, 12, 4],
								[14, 14, 6],
								[13, 13, 5]
							],
							[
								[10, 10, 5],
								[13, 13, 4],
								[14, 14, 6],
								[10, 10, 5]
							],
							[
								[15, 1, 0],
								[16, 2, 1],
								[17, 3, 2],
								[18, 0, 3]
							],
							[
								[16, 2, 4],
								[15, 1, 5],
								[19, 4, 6],
								[16, 2, 4]
							],
							[
								[17, 3, 4],
								[16, 2, 5],
								[19, 4, 6],
								[17, 3, 4]
							],
							[
								[15, 1, 4],
								[18, 0, 5],
								[19, 4, 6],
								[15, 1, 4]
							],
							[
								[18, 0, 4],
								[17, 3, 5],
								[19, 4, 6],
								[18, 0, 4]
							],
							[
								[20, 15, 0],
								[21, 16, 1],
								[22, 17, 2],
								[23, 18, 3]
							],
							[
								[21, 16, 4],
								[20, 15, 5],
								[24, 19, 6],
								[21, 16, 4]
							],
							[
								[22, 17, 4],
								[21, 16, 5],
								[24, 19, 6],
								[22, 17, 4]
							],
							[
								[20, 15, 4],
								[23, 18, 5],
								[24, 19, 6],
								[20, 15, 4]
							],
							[
								[23, 18, 4],
								[22, 17, 5],
								[24, 19, 6],
								[23, 18, 4]
							],
							[
								[25, 20, 2],
								[26, 21, 1],
								[27, 22, 0],
								[28, 23, 3]
							],
							[
								[27, 22, 5],
								[26, 21, 4],
								[29, 24, 6],
								[27, 22, 5]
							],
							[
								[26, 21, 5],
								[25, 20, 4],
								[29, 24, 6],
								[26, 21, 5]
							],
							[
								[28, 23, 5],
								[27, 22, 4],
								[29, 24, 6],
								[28, 23, 5]
							],
							[
								[25, 20, 5],
								[28, 23, 4],
								[29, 24, 6],
								[25, 20, 5]
							]
						]
					}
				},
				{
					"name": "track",
					"pivot": [0, 0, 0]
				},
				{
					"name": "left_track",
					"parent": "track",
					"pivot": [0.88, 0, -19.64366]
				},
				{
					"name": "left_passive_gear_1",
					"parent": "left_track",
					"pivot": [29.01516, 10.30132, 26.73025],
					"cubes": [
						{
							"origin": [24.74295, 4.84579, 21.27472],
							"size": [10.54443, 10.91105, 10.91105],
							"uv": {
								"north": {"uv": [295, 162], "uv_size": [11, 11]},
								"east": {"uv": [295, 257], "uv_size": [11, 11]},
								"south": {"uv": [297, 105], "uv_size": [11, 11]},
								"west": {"uv": [297, 116], "uv_size": [11, 11]},
								"up": {"uv": [46, 298], "uv_size": [11, 11]},
								"down": {"uv": [298, 284], "uv_size": [11, -11]}
							}
						}
					]
				},
				{
					"name": "right_passive_gear_2",
					"parent": "left_track",
					"pivot": [29.01516, 10.30132, 11.68225],
					"cubes": [
						{
							"origin": [24.74295, 4.84579, 6.22672],
							"size": [10.54443, 10.91105, 10.91105],
							"uv": {
								"north": {"uv": [78, 299], "uv_size": [11, 11]},
								"east": {"uv": [299, 85], "uv_size": [11, 11]},
								"south": {"uv": [299, 284], "uv_size": [11, 11]},
								"west": {"uv": [299, 295], "uv_size": [11, 11]},
								"up": {"uv": [57, 300], "uv_size": [11, 11]},
								"down": {"uv": [172, 311], "uv_size": [11, -11]}
							}
						}
					]
				},
				{
					"name": "left_passive_gear_3",
					"parent": "left_track",
					"pivot": [29.01516, 10.30132, -3.36576],
					"cubes": [
						{
							"origin": [24.74295, 4.84579, -8.82128],
							"size": [10.54443, 10.91105, 10.91105],
							"uv": {
								"north": {"uv": [183, 300], "uv_size": [11, 11]},
								"east": {"uv": [194, 300], "uv_size": [11, 11]},
								"south": {"uv": [284, 301], "uv_size": [11, 11]},
								"west": {"uv": [31, 302], "uv_size": [11, 11]},
								"up": {"uv": [205, 302], "uv_size": [11, 11]},
								"down": {"uv": [303, 16], "uv_size": [11, -11]}
							}
						}
					]
				},
				{
					"name": "left_passive_gear_4",
					"parent": "left_track",
					"pivot": [29.01516, 10.30132, -19.24976],
					"cubes": [
						{
							"origin": [24.74295, 4.84579, -24.70528],
							"size": [10.54443, 10.91105, 10.91105],
							"uv": {
								"north": {"uv": [303, 16], "uv_size": [11, 11]},
								"east": {"uv": [271, 303], "uv_size": [11, 11]},
								"south": {"uv": [304, 55], "uv_size": [11, 11]},
								"west": {"uv": [216, 304], "uv_size": [11, 11]},
								"up": {"uv": [304, 245], "uv_size": [11, 11]},
								"down": {"uv": [305, 138], "uv_size": [11, -11]}
							}
						}
					]
				},
				{
					"name": "left_gear_front",
					"parent": "left_track",
					"pivot": [26.6794, 14.24895, -43.78749],
					"cubes": [
						{
							"origin": [20.17598, 8.42241, -49.56121],
							"size": [15.00683, 11.58915, 11.58915],
							"pivot": [27.2294, 14.21699, -43.76664],
							"rotation": [-45, 0, 0],
							"uv": {
								"north": {"uv": [271, 226], "uv_size": [15, 12]},
								"east": {"uv": [21, 250], "uv_size": [12, 12]},
								"south": {"uv": [263, 273], "uv_size": [15, 12]},
								"west": {"uv": [223, 292], "uv_size": [12, 12]},
								"up": {"uv": [53, 275], "uv_size": [15, 12]},
								"down": {"uv": [276, 221], "uv_size": [15, -12]}
							}
						},
						{
							"origin": [20.17434, 8.48471, -49.60458],
							"size": [15.01011, 11.59243, 11.59243],
							"inflate": -0.01,
							"pivot": [27.2294, 14.28092, -43.80836],
							"rotation": [-90, 0, 0],
							"uv": {
								"north": {"uv": [276, 245], "uv_size": [15, 12]},
								"east": {"uv": [293, 129], "uv_size": [12, 12]},
								"south": {"uv": [16, 278], "uv_size": [15, 12]},
								"west": {"uv": [0, 294], "uv_size": [12, 12]},
								"up": {"uv": [68, 278], "uv_size": [15, 12]},
								"down": {"uv": [278, 87], "uv_size": [15, -12]}
							}
						}
					]
				},
				{
					"name": "left_gear_back",
					"parent": "left_track",
					"pivot": [26.3494, 11.81728, 48.42332],
					"cubes": [
						{
							"origin": [19.32266, 6.48938, 43.09542],
							"size": [16.05348, 10.6558, 10.6558],
							"inflate": -0.5,
							"pivot": [27.6694, 11.81728, 48.42332],
							"rotation": [-45, 0, 0],
							"uv": {
								"north": {"uv": [160, 283], "uv_size": [16, 11]},
								"east": {"uv": [0, 306], "uv_size": [11, 11]},
								"south": {"uv": [287, 5], "uv_size": [16, 11]},
								"west": {"uv": [160, 306], "uv_size": [11, 11]},
								"up": {"uv": [287, 16], "uv_size": [16, 11]},
								"down": {"uv": [46, 298], "uv_size": [16, -11]}
							}
						},
						{
							"origin": [19.40302, 6.56974, 43.17578],
							"size": [15.89276, 10.49508, 10.49508],
							"inflate": -0.01,
							"pivot": [27.6694, 11.81728, 48.42332],
							"rotation": [-90, 0, 0],
							"uv": {
								"north": {"uv": [62, 290], "uv_size": [16, 10]},
								"east": {"uv": [15, 311], "uv_size": [10, 10]},
								"south": {"uv": [176, 290], "uv_size": [16, 10]},
								"west": {"uv": [56, 311], "uv_size": [10, 10]},
								"up": {"uv": [290, 190], "uv_size": [16, 10]},
								"down": {"uv": [192, 300], "uv_size": [16, -10]}
							}
						}
					]
				},
				{
					"name": "left_track_steels",
					"parent": "left_track",
					"pivot": [26.28135, 11.83155, 2.00046],
					"cubes": [
						{
							"origin": [17.36499, 20.37698, -43.48327],
							"size": [19.69998, 1.93302, 92.44047],
							"inflate": 0.001,
							"pivot": [25.09056, 18.44676, 46.44618],
							"rotation": [-2.5, 0, 0],
							"uv": {
								"north": {"uv": [162, 98], "uv_size": [20, 2]},
								"east": {"uv": [271, 53], "uv_size": [92, 2]},
								"south": {"uv": [203, 182], "uv_size": [20, 2]},
								"west": {"uv": [271, 156], "uv_size": [92, 2]},
								"up": {"uv": [96, 120], "uv_size": [20, 92]},
								"down": {"uv": [116, 212], "uv_size": [20, -92]}
							}
						},
						{
							"origin": [17.59871, 6.0238, -183.79658],
							"size": [19.46533, 1.93116, 94.57877],
							"pivot": [25.09056, 4.09264, -67.49226],
							"rotation": [180, 0, 0],
							"uv": {
								"north": {"uv": [271, 238], "uv_size": [19, 2]},
								"east": {"uv": [263, 67], "uv_size": [95, 2]},
								"south": {"uv": [317, 226], "uv_size": [19, 2]},
								"west": {"uv": [269, 203], "uv_size": [95, 2]},
								"up": {"uv": [20, 140], "uv_size": [19, 95]},
								"down": {"uv": [39, 235], "uv_size": [19, -95]}
							}
						},
						{
							"origin": [17.36499, 29.19678, -72.38589],
							"size": [19.69998, 1.93302, 14.55035],
							"inflate": 0.001,
							"pivot": [25.09056, 27.26656, -50.11182],
							"rotation": [90, 0, 0],
							"uv": {
								"north": {"uv": [226, 210], "uv_size": [20, 2]},
								"east": {"uv": [245, 31], "uv_size": [15, 2]},
								"south": {"uv": [0, 232], "uv_size": [20, 2]},
								"west": {"uv": [240, 257], "uv_size": [15, 2]},
								"up": {"uv": [253, 116], "uv_size": [20, 15]},
								"down": {"uv": [253, 146], "uv_size": [20, -15]}
							}
						},
						{
							"origin": [17.36592, 27.74935, -54.45693],
							"size": [19.69812, 2.41395, 13.25896],
							"pivot": [25.09056, 25.81819, -34.66254],
							"rotation": [30, 0, 0],
							"uv": {
								"north": {"uv": [284, 64], "uv_size": [20, 2]},
								"east": {"uv": [54, 249], "uv_size": [13, 2]},
								"south": {"uv": [306, 267], "uv_size": [20, 2]},
								"west": {"uv": [180, 254], "uv_size": [13, 2]},
								"up": {"uv": [180, 257], "uv_size": [20, 13]},
								"down": {"uv": [200, 270], "uv_size": [20, -13]}
							}
						},
						{
							"origin": [17.36592, 2.62871, -54.85444],
							"size": [19.69812, 2.41395, 9.17301],
							"pivot": [23.1594, 1.88769, -50.11182],
							"rotation": [-30, 0, 0],
							"uv": {
								"north": {"uv": [307, 153], "uv_size": [20, 2]},
								"east": {"uv": [317, 260], "uv_size": [9, 2]},
								"south": {"uv": [312, 29], "uv_size": [20, 2]},
								"west": {"uv": [261, 317], "uv_size": [9, 2]},
								"up": {"uv": [273, 136], "uv_size": [20, 9]},
								"down": {"uv": [278, 282], "uv_size": [20, -9]}
							}
						},
						{
							"origin": [17.48178, 2.36682, 48.68477],
							"size": [19.6595, 2.10014, 8.9461],
							"pivot": [23.25596, 1.72214, 53.98757],
							"rotation": [22.5, 0, 0],
							"uv": {
								"north": {"uv": [315, 269], "uv_size": [20, 2]},
								"east": {"uv": [317, 262], "uv_size": [9, 2]},
								"south": {"uv": [315, 271], "uv_size": [20, 2]},
								"west": {"uv": [317, 264], "uv_size": [9, 2]},
								"up": {"uv": [279, 87], "uv_size": [20, 9]},
								"down": {"uv": [279, 105], "uv_size": [20, -9]}
							}
						},
						{
							"origin": [17.48112, 25.18023, 60.70732],
							"size": [19.66085, 1.68146, 13.0222],
							"inflate": 0.001,
							"pivot": [24.93606, 23.5008, 53.98757],
							"rotation": [-90, 0, 0],
							"uv": {
								"north": {"uv": [316, 136], "uv_size": [20, 2]},
								"east": {"uv": [280, 174], "uv_size": [13, 2]},
								"south": {"uv": [316, 299], "uv_size": [20, 2]},
								"west": {"uv": [280, 176], "uv_size": [13, 2]},
								"up": {"uv": [220, 257], "uv_size": [20, 13]},
								"down": {"uv": [259, 105], "uv_size": [20, -13]}
							}
						},
						{
							"origin": [17.48178, 17.36665, 47.44542],
							"size": [19.6595, 2.10014, 10.08065],
							"pivot": [26.60807, 18.8967, 53.71369],
							"rotation": [-30, 0, 0],
							"uv": {
								"north": {"uv": [316, 301], "uv_size": [20, 2]},
								"east": {"uv": [173, 45], "uv_size": [10, 2]},
								"south": {"uv": [316, 303], "uv_size": [20, 2]},
								"west": {"uv": [251, 317], "uv_size": [10, 2]},
								"up": {"uv": [259, 105], "uv_size": [20, 10]},
								"down": {"uv": [216, 280], "uv_size": [20, -10]}
							}
						}
					]
				},
				{
					"name": "right_track",
					"parent": "track",
					"pivot": [-0.88, 0, -19.64366]
				},
				{
					"name": "right_passive_gear_1",
					"parent": "right_track",
					"pivot": [-26.37516, 10.30132, 26.73025],
					"cubes": [
						{
							"origin": [-32.64738, 4.84579, 21.27472],
							"size": [10.54443, 10.91105, 10.91105],
							"uv": {
								"north": {"uv": [306, 162], "uv_size": [11, 11]},
								"east": {"uv": [306, 173], "uv_size": [11, 11]},
								"south": {"uv": [306, 184], "uv_size": [11, 11]},
								"west": {"uv": [306, 226], "uv_size": [11, 11]},
								"up": {"uv": [227, 306], "uv_size": [11, 11]},
								"down": {"uv": [238, 317], "uv_size": [11, -11]}
							}
						}
					]
				},
				{
					"name": "left_passive_gear_2",
					"parent": "right_track",
					"pivot": [-26.37516, 10.30132, 11.68225],
					"cubes": [
						{
							"origin": [-32.64738, 4.84579, 6.22672],
							"size": [10.54443, 10.91105, 10.91105],
							"uv": {
								"north": {"uv": [249, 306], "uv_size": [11, 11]},
								"east": {"uv": [306, 256], "uv_size": [11, 11]},
								"south": {"uv": [260, 306], "uv_size": [11, 11]},
								"west": {"uv": [295, 306], "uv_size": [11, 11]},
								"up": {"uv": [306, 306], "uv_size": [11, 11]},
								"down": {"uv": [307, 42], "uv_size": [11, -11]}
							}
						}
					]
				},
				{
					"name": "right_passive_gear_3",
					"parent": "right_track",
					"pivot": [-26.37516, 10.30132, -3.36576],
					"cubes": [
						{
							"origin": [-32.64738, 4.84579, -8.82128],
							"size": [10.54443, 10.91105, 10.91105],
							"uv": {
								"north": {"uv": [307, 42], "uv_size": [11, 11]},
								"east": {"uv": [307, 138], "uv_size": [11, 11]},
								"south": {"uv": [307, 209], "uv_size": [11, 11]},
								"west": {"uv": [308, 96], "uv_size": [11, 11]},
								"up": {"uv": [308, 107], "uv_size": [11, 11]},
								"down": {"uv": [136, 319], "uv_size": [11, -11]}
							}
						}
					]
				},
				{
					"name": "right_passive_gear_4",
					"parent": "right_track",
					"pivot": [-26.37516, 10.30132, -19.24976],
					"cubes": [
						{
							"origin": [-32.64738, 4.84579, -24.70528],
							"size": [10.54443, 10.91105, 10.91105],
							"uv": {
								"north": {"uv": [42, 309], "uv_size": [11, 11]},
								"east": {"uv": [89, 309], "uv_size": [11, 11]},
								"south": {"uv": [100, 309], "uv_size": [11, 11]},
								"west": {"uv": [111, 309], "uv_size": [11, 11]},
								"up": {"uv": [122, 309], "uv_size": [11, 11]},
								"down": {"uv": [147, 320], "uv_size": [11, -11]}
							}
						}
					]
				},
				{
					"name": "right_gear_front",
					"parent": "right_track",
					"pivot": [-24.80941, 14.24895, -43.78749],
					"cubes": [
						{
							"origin": [-33.20282, 8.42241, -49.56121],
							"size": [14.78683, 11.58915, 11.58915],
							"pivot": [-24.3694, 14.21699, -43.76664],
							"rotation": [-45, 0, 0],
							"uv": {
								"north": {"uv": [279, 178], "uv_size": [15, 12]},
								"east": {"uv": [160, 294], "uv_size": [12, 12]},
								"south": {"uv": [31, 280], "uv_size": [15, 12]},
								"west": {"uv": [294, 174], "uv_size": [12, 12]},
								"up": {"uv": [280, 162], "uv_size": [15, 12]},
								"down": {"uv": [216, 292], "uv_size": [15, -12]}
							}
						},
						{
							"origin": [-33.20446, 8.48471, -49.60458],
							"size": [14.79011, 11.59243, 11.59243],
							"inflate": -0.01,
							"pivot": [-24.3694, 14.28092, -43.80836],
							"rotation": [-90, 0, 0],
							"uv": {
								"north": {"uv": [280, 257], "uv_size": [15, 12]},
								"east": {"uv": [235, 294], "uv_size": [12, 12]},
								"south": {"uv": [0, 282], "uv_size": [15, 12]},
								"west": {"uv": [247, 294], "uv_size": [12, 12]},
								"up": {"uv": [282, 105], "uv_size": [15, 12]},
								"down": {"uv": [282, 129], "uv_size": [15, -12]}
							}
						}
					]
				},
				{
					"name": "right_gear_back",
					"parent": "right_track",
					"pivot": [-24.3694, 11.84283, 48.4033],
					"cubes": [
						{
							"origin": [-33.17614, 6.26938, 43.75542],
							"size": [15.61348, 10.4358, 10.2158],
							"inflate": -0.5,
							"pivot": [-23.9294, 12.25728, 49.08332],
							"rotation": [-45, 0, 0],
							"uv": {
								"north": {"uv": [290, 235], "uv_size": [16, 10]},
								"east": {"uv": [171, 311], "uv_size": [10, 10]},
								"south": {"uv": [291, 40], "uv_size": [16, 10]},
								"west": {"uv": [181, 311], "uv_size": [10, 10]},
								"up": {"uv": [291, 145], "uv_size": [16, 10]},
								"down": {"uv": [291, 219], "uv_size": [16, -10]}
							}
						},
						{
							"origin": [-33.09578, 5.68974, 44.93578],
							"size": [15.45276, 10.49508, 10.49508],
							"inflate": -0.01,
							"pivot": [-23.9294, 12.25728, 49.74332],
							"rotation": [-90, 0, 0],
							"uv": {
								"north": {"uv": [284, 291], "uv_size": [15, 10]},
								"east": {"uv": [191, 311], "uv_size": [10, 10]},
								"south": {"uv": [31, 292], "uv_size": [15, 10]},
								"west": {"uv": [282, 312], "uv_size": [10, 10]},
								"up": {"uv": [208, 292], "uv_size": [15, 10]},
								"down": {"uv": [293, 85], "uv_size": [15, -10]}
							}
						}
					]
				},
				{
					"name": "right_track_steels",
					"parent": "right_track",
					"pivot": [-26.28137, 11.83155, 2.00046],
					"cubes": [
						{
							"origin": [-37.06498, 20.37698, -43.48327],
							"size": [19.69998, 1.93302, 92.44047],
							"inflate": 0.001,
							"pivot": [-25.09056, 18.44676, 46.44618],
							"rotation": [-2.5, 0, 0],
							"uv": {
								"north": {"uv": [317, 118], "uv_size": [20, 2]},
								"east": {"uv": [271, 158], "uv_size": [92, 2]},
								"south": {"uv": [317, 120], "uv_size": [20, 2]},
								"west": {"uv": [271, 160], "uv_size": [92, 2]},
								"up": {"uv": [136, 120], "uv_size": [20, 92]},
								"down": {"uv": [0, 232], "uv_size": [20, -92]}
							}
						},
						{
							"origin": [-37.06404, 6.0238, -183.79658],
							"size": [19.46533, 1.93116, 94.57877],
							"pivot": [-25.09056, 4.09264, -67.49226],
							"rotation": [180, 0, 0],
							"uv": {
								"north": {"uv": [317, 228], "uv_size": [19, 2]},
								"east": {"uv": [269, 205], "uv_size": [95, 2]},
								"south": {"uv": [317, 230], "uv_size": [19, 2]},
								"west": {"uv": [269, 207], "uv_size": [95, 2]},
								"up": {"uv": [58, 140], "uv_size": [19, 95]},
								"down": {"uv": [77, 235], "uv_size": [19, -95]}
							}
						},
						{
							"origin": [-37.06498, 29.19678, -72.38589],
							"size": [19.69998, 1.93302, 14.55035],
							"inflate": 0.001,
							"pivot": [-25.09056, 27.26656, -50.11182],
							"rotation": [90, 0, 0],
							"uv": {
								"north": {"uv": [317, 122], "uv_size": [20, 2]},
								"east": {"uv": [291, 50], "uv_size": [15, 2]},
								"south": {"uv": [317, 124], "uv_size": [20, 2]},
								"west": {"uv": [291, 219], "uv_size": [15, 2]},
								"up": {"uv": [160, 254], "uv_size": [20, 15]},
								"down": {"uv": [256, 260], "uv_size": [20, -15]}
							}
						},
						{
							"origin": [-37.06404, 27.74935, -54.45693],
							"size": [19.69812, 2.41395, 13.25896],
							"pivot": [-25.09056, 25.81819, -34.66254],
							"rotation": [30, 0, 0],
							"uv": {
								"north": {"uv": [317, 176], "uv_size": [20, 2]},
								"east": {"uv": [293, 141], "uv_size": [13, 2]},
								"south": {"uv": [317, 178], "uv_size": [20, 2]},
								"west": {"uv": [293, 143], "uv_size": [13, 2]},
								"up": {"uv": [259, 178], "uv_size": [20, 13]},
								"down": {"uv": [240, 273], "uv_size": [20, -13]}
							}
						},
						{
							"origin": [-37.06404, 2.62871, -54.85444],
							"size": [19.69812, 2.41395, 9.17301],
							"pivot": [-23.1594, 1.88769, -50.11182],
							"rotation": [-30, 0, 0],
							"uv": {
								"north": {"uv": [317, 180], "uv_size": [20, 2]},
								"east": {"uv": [294, 317], "uv_size": [9, 2]},
								"south": {"uv": [317, 182], "uv_size": [20, 2]},
								"west": {"uv": [303, 317], "uv_size": [9, 2]},
								"up": {"uv": [278, 282], "uv_size": [20, 9]},
								"down": {"uv": [284, 40], "uv_size": [20, -9]}
							}
						},
						{
							"origin": [-37.14129, 2.36682, 48.68477],
							"size": [19.6595, 2.10014, 8.9461],
							"pivot": [-23.25596, 1.72214, 53.98757],
							"rotation": [22.5, 0, 0],
							"uv": {
								"north": {"uv": [317, 184], "uv_size": [20, 2]},
								"east": {"uv": [317, 306], "uv_size": [9, 2]},
								"south": {"uv": [317, 186], "uv_size": [20, 2]},
								"west": {"uv": [317, 308], "uv_size": [9, 2]},
								"up": {"uv": [284, 55], "uv_size": [20, 9]},
								"down": {"uv": [286, 235], "uv_size": [20, -9]}
							}
						},
						{
							"origin": [-37.14196, 25.18023, 60.70732],
							"size": [19.66085, 1.68146, 13.0222],
							"inflate": 0.001,
							"pivot": [-24.93607, 23.5008, 53.98757],
							"rotation": [-90, 0, 0],
							"uv": {
								"north": {"uv": [317, 188], "uv_size": [20, 2]},
								"east": {"uv": [317, 232], "uv_size": [13, 2]},
								"south": {"uv": [317, 190], "uv_size": [20, 2]},
								"west": {"uv": [317, 234], "uv_size": [13, 2]},
								"up": {"uv": [260, 260], "uv_size": [20, 13]},
								"down": {"uv": [54, 275], "uv_size": [20, -13]}
							}
						},
						{
							"origin": [-37.14129, 17.36665, 47.44542],
							"size": [19.6595, 2.10014, 10.08065],
							"pivot": [-26.60807, 18.8967, 53.71369],
							"rotation": [-30, 0, 0],
							"uv": {
								"north": {"uv": [317, 192], "uv_size": [20, 2]},
								"east": {"uv": [317, 256], "uv_size": [10, 2]},
								"south": {"uv": [225, 317], "uv_size": [20, 2]},
								"west": {"uv": [317, 258], "uv_size": [10, 2]},
								"up": {"uv": [271, 43], "uv_size": [20, 10]},
								"down": {"uv": [271, 156], "uv_size": [20, -10]}
							}
						}
					]
				}
			]
		}
	]
}