{
	"format_version": "1.10.0",
	"minecraft:attachable": {
		"description": {
			"identifier": "dirg_dt:ammo_3d",
			"render_controllers": ["controller.render.item_default"],
			"materials": {
				"default": "entity_alphatest",
				"enchanted": "entity_alphatest_glint"
			},
			"textures": {
				"default": "textures/dirga/doodle_tank/entity/attachable/ammo_3d",
				"enchanted": "textures/misc/enchanted_item_glint"
			},
			"geometry": {
				"default": "geometry.ammo_3d"
			},
			"animations": {
				"first_person_hold": "animation.ammo_3d.first_person_hold",
				"third_person_hold": "animation.ammo_3d.third_person_hold"
			},
			"scripts": {
				"animate": [
					{
						"first_person_hold": "c.is_first_person"
					},
					{
						"third_person_hold": "!c.is_first_person"
					}
				]
			}
		}
	}
}