{
  "format_version": "1.21.0",
  "minecraft:client_entity": {
    "description": {
      "animations": {
        "move": "animation.centurion_action_x.move",
        "look_at_target": "animation.common.look_at_target",
        "shoot": "animation.centurion_action_x.shoot"
      },
      "geometry": {
        "default": "geometry.centurion_action_x"
      },
      "identifier": "dirg_dt:centurion_action_x",
      "materials": {
        "default": "entity_alphatest"
      },
      "render_controllers": [
        "controller.render.default"
      ],
      "scripts": {
        "animate": [
          "move",
          "look_at_target",
          "shoot"
        ]
      },
      "spawn_egg": {
        "textures": "spawn_egg_centurion_action_x"
      },
      "textures": {
        "default": "textures/dirga/doodle_tank/entity/centurion_action_x"
      }
    }
  }
}